mode: set
github.com/drayanaindra/saki-cli/backend/adapter/http.go:62.570,64.2 1 1
github.com/drayanaindra/saki-cli/backend/adapter/http.go:67.42,118.2 27 1
github.com/drayanaindra/saki-cli/backend/adapter/http.go:124.75,128.2 3 1
github.com/drayanaindra/saki-cli/backend/adapter/http.go:132.74,136.2 3 1
github.com/drayanaindra/saki-cli/backend/adapter/http.go:141.76,145.2 3 1
github.com/drayanaindra/saki-cli/backend/adapter/http.go:149.64,158.2 4 1
github.com/drayanaindra/saki-cli/backend/adapter/http.go:163.69,167.2 3 1
github.com/drayanaindra/saki-cli/backend/adapter/http.go:171.72,174.2 2 1
github.com/drayanaindra/saki-cli/backend/adapter/http.go:178.77,182.2 3 1
github.com/drayanaindra/saki-cli/backend/adapter/http.go:188.70,198.2 6 1
github.com/drayanaindra/saki-cli/backend/adapter/http.go:206.80,215.2 5 1
github.com/drayanaindra/saki-cli/backend/adapter/http.go:219.75,223.2 3 1
github.com/drayanaindra/saki-cli/backend/adapter/http.go:227.74,231.2 3 1
github.com/drayanaindra/saki-cli/backend/adapter/http.go:235.73,238.2 2 0
github.com/drayanaindra/saki-cli/backend/adapter/http.go:242.72,244.48 2 1
github.com/drayanaindra/saki-cli/backend/adapter/http.go:244.48,246.3 1 1
github.com/drayanaindra/saki-cli/backend/adapter/http.go:247.2,247.83 1 1
github.com/drayanaindra/saki-cli/backend/adapter/http.go:250.73,256.86 2 1
github.com/drayanaindra/saki-cli/backend/adapter/http.go:256.86,259.3 2 1
github.com/drayanaindra/saki-cli/backend/adapter/http.go:260.2,261.23 2 1
github.com/drayanaindra/saki-cli/backend/adapter/http.go:261.23,263.3 1 1
github.com/drayanaindra/saki-cli/backend/adapter/http.go:264.2,265.28 2 1
github.com/drayanaindra/saki-cli/backend/adapter/http.go:270.75,272.15 2 0
github.com/drayanaindra/saki-cli/backend/adapter/http.go:272.15,275.3 2 0
github.com/drayanaindra/saki-cli/backend/adapter/http.go:276.2,280.4 2 0
github.com/drayanaindra/saki-cli/backend/adapter/http.go:284.57,286.26 2 0
github.com/drayanaindra/saki-cli/backend/adapter/http.go:286.26,287.34 1 0
github.com/drayanaindra/saki-cli/backend/adapter/http.go:287.34,289.4 1 0
github.com/drayanaindra/saki-cli/backend/adapter/http.go:291.2,291.12 1 0
github.com/drayanaindra/saki-cli/backend/adapter/http.go:296.74,298.44 2 1
github.com/drayanaindra/saki-cli/backend/adapter/http.go:298.44,301.3 2 1
github.com/drayanaindra/saki-cli/backend/adapter/http.go:302.2,302.16 1 1
github.com/drayanaindra/saki-cli/backend/adapter/http.go:302.16,305.3 2 0
github.com/drayanaindra/saki-cli/backend/adapter/http.go:306.2,306.67 1 1
github.com/drayanaindra/saki-cli/backend/adapter/http.go:311.78,321.25 6 1
github.com/drayanaindra/saki-cli/backend/adapter/http.go:321.25,324.3 2 1
github.com/drayanaindra/saki-cli/backend/adapter/http.go:325.2,325.16 1 1
github.com/drayanaindra/saki-cli/backend/adapter/http.go:325.16,328.3 2 0
github.com/drayanaindra/saki-cli/backend/adapter/http.go:329.2,329.13 1 1
github.com/drayanaindra/saki-cli/backend/adapter/http.go:329.13,332.3 2 1
github.com/drayanaindra/saki-cli/backend/adapter/http.go:333.2,333.79 1 1
github.com/drayanaindra/saki-cli/backend/adapter/http.go:339.74,347.25 6 1
github.com/drayanaindra/saki-cli/backend/adapter/http.go:347.25,350.3 2 1
github.com/drayanaindra/saki-cli/backend/adapter/http.go:351.2,351.16 1 1
github.com/drayanaindra/saki-cli/backend/adapter/http.go:351.16,354.3 2 0
github.com/drayanaindra/saki-cli/backend/adapter/http.go:355.2,355.13 1 1
github.com/drayanaindra/saki-cli/backend/adapter/http.go:355.13,358.3 2 1
github.com/drayanaindra/saki-cli/backend/adapter/http.go:359.2,360.19 2 1
github.com/drayanaindra/saki-cli/backend/adapter/http.go:360.19,362.3 1 1
github.com/drayanaindra/saki-cli/backend/adapter/http.go:363.2,363.34 1 1
github.com/drayanaindra/saki-cli/backend/adapter/http.go:369.77,377.25 6 1
github.com/drayanaindra/saki-cli/backend/adapter/http.go:377.25,380.3 2 1
github.com/drayanaindra/saki-cli/backend/adapter/http.go:381.2,381.16 1 1
github.com/drayanaindra/saki-cli/backend/adapter/http.go:381.16,384.3 2 0
github.com/drayanaindra/saki-cli/backend/adapter/http.go:385.2,385.13 1 1
github.com/drayanaindra/saki-cli/backend/adapter/http.go:385.13,388.3 2 1
github.com/drayanaindra/saki-cli/backend/adapter/http.go:389.2,389.101 1 1
github.com/drayanaindra/saki-cli/backend/adapter/http.go:394.66,397.9 3 1
github.com/drayanaindra/saki-cli/backend/adapter/http.go:397.9,400.3 2 1
github.com/drayanaindra/saki-cli/backend/adapter/http.go:403.2,404.48 2 1
github.com/drayanaindra/saki-cli/backend/adapter/http.go:404.48,406.3 1 0
github.com/drayanaindra/saki-cli/backend/adapter/http.go:406.8,408.3 1 1
github.com/drayanaindra/saki-cli/backend/adapter/http.go:409.2,409.14 1 1
github.com/drayanaindra/saki-cli/backend/adapter/http.go:409.14,412.3 2 1
github.com/drayanaindra/saki-cli/backend/adapter/http.go:413.2,413.62 1 1
github.com/drayanaindra/saki-cli/backend/adapter/http.go:418.65,420.36 2 1
github.com/drayanaindra/saki-cli/backend/adapter/http.go:420.36,423.3 2 1
github.com/drayanaindra/saki-cli/backend/adapter/http.go:424.2,430.39 7 1
github.com/drayanaindra/saki-cli/backend/adapter/http.go:430.39,434.3 3 1
github.com/drayanaindra/saki-cli/backend/adapter/http.go:435.2,435.40 1 1
github.com/drayanaindra/saki-cli/backend/adapter/http.go:435.40,439.3 3 1
github.com/drayanaindra/saki-cli/backend/adapter/http.go:440.2,440.45 1 1
github.com/drayanaindra/saki-cli/backend/adapter/http.go:451.72,453.2 1 1
github.com/drayanaindra/saki-cli/backend/adapter/http.go:457.72,460.44 3 1
github.com/drayanaindra/saki-cli/backend/adapter/http.go:460.44,463.3 2 1
github.com/drayanaindra/saki-cli/backend/adapter/http.go:464.2,464.16 1 1
github.com/drayanaindra/saki-cli/backend/adapter/http.go:464.16,467.3 2 0
github.com/drayanaindra/saki-cli/backend/adapter/http.go:468.2,468.61 1 1
github.com/drayanaindra/saki-cli/backend/adapter/http.go:475.66,488.16 5 1
github.com/drayanaindra/saki-cli/backend/adapter/http.go:488.16,491.3 2 0
github.com/drayanaindra/saki-cli/backend/adapter/http.go:497.2,497.47 1 1
github.com/drayanaindra/saki-cli/backend/adapter/http.go:497.47,498.24 1 1
github.com/drayanaindra/saki-cli/backend/adapter/http.go:498.24,501.4 2 1
github.com/drayanaindra/saki-cli/backend/adapter/http.go:502.3,503.17 2 1
github.com/drayanaindra/saki-cli/backend/adapter/http.go:503.17,506.4 2 0
github.com/drayanaindra/saki-cli/backend/adapter/http.go:507.3,507.14 1 1
github.com/drayanaindra/saki-cli/backend/adapter/http.go:507.14,510.4 2 1
github.com/drayanaindra/saki-cli/backend/adapter/http.go:511.3,512.9 2 1
github.com/drayanaindra/saki-cli/backend/adapter/http.go:515.2,515.48 1 1
github.com/drayanaindra/saki-cli/backend/adapter/http.go:515.48,519.3 3 1
github.com/drayanaindra/saki-cli/backend/adapter/http.go:520.2,521.34 2 1
github.com/drayanaindra/saki-cli/backend/adapter/http.go:526.67,527.33 1 1
github.com/drayanaindra/saki-cli/backend/adapter/http.go:528.70,529.38 1 1
github.com/drayanaindra/saki-cli/backend/adapter/http.go:530.10,531.124 1 1
github.com/drayanaindra/saki-cli/backend/adapter/http.go:537.71,538.9 1 1
github.com/drayanaindra/saki-cli/backend/adapter/http.go:539.43,540.103 1 1
github.com/drayanaindra/saki-cli/backend/adapter/http.go:541.52,542.100 1 1
github.com/drayanaindra/saki-cli/backend/adapter/http.go:543.98,547.85 1 1
github.com/drayanaindra/saki-cli/backend/adapter/http.go:548.18,549.88 1 0
github.com/drayanaindra/saki-cli/backend/adapter/http.go:550.10,551.67 1 1
github.com/drayanaindra/saki-cli/backend/adapter/http.go:556.66,558.2 1 1
github.com/drayanaindra/saki-cli/backend/adapter/http.go:562.70,565.2 2 1
github.com/drayanaindra/saki-cli/backend/adapter/http.go:568.100,570.16 2 1
github.com/drayanaindra/saki-cli/backend/adapter/http.go:570.16,573.3 2 0
github.com/drayanaindra/saki-cli/backend/adapter/http.go:574.2,576.26 3 1
github.com/drayanaindra/saki-cli/backend/adapter/http.go:579.61,583.2 3 1
github.com/drayanaindra/saki-cli/backend/adapter/originguard.go:15.38,16.17 1 1
github.com/drayanaindra/saki-cli/backend/adapter/originguard.go:16.17,18.3 1 1
github.com/drayanaindra/saki-cli/backend/adapter/originguard.go:19.2,19.37 1 1
github.com/drayanaindra/saki-cli/backend/adapter/originguard.go:19.37,21.3 1 1
github.com/drayanaindra/saki-cli/backend/adapter/originguard.go:22.2,23.16 2 1
github.com/drayanaindra/saki-cli/backend/adapter/originguard.go:23.16,25.3 1 0
github.com/drayanaindra/saki-cli/backend/adapter/originguard.go:26.2,26.38 1 1
github.com/drayanaindra/saki-cli/backend/adapter/originguard.go:32.42,33.59 1 1
github.com/drayanaindra/saki-cli/backend/adapter/originguard.go:33.59,35.3 1 1
github.com/drayanaindra/saki-cli/backend/adapter/originguard.go:36.2,36.52 1 1
github.com/drayanaindra/saki-cli/backend/adapter/originguard.go:36.52,37.63 1 1
github.com/drayanaindra/saki-cli/backend/adapter/originguard.go:37.63,39.4 1 1
github.com/drayanaindra/saki-cli/backend/adapter/originguard.go:41.2,41.13 1 1
github.com/drayanaindra/saki-cli/backend/adapter/originguard.go:48.50,49.71 1 1
github.com/drayanaindra/saki-cli/backend/adapter/originguard.go:49.71,50.24 1 1
github.com/drayanaindra/saki-cli/backend/adapter/originguard.go:50.24,53.4 2 1
github.com/drayanaindra/saki-cli/backend/adapter/originguard.go:54.3,54.23 1 1
github.com/drayanaindra/saki-cli/backend/adapter/proto_http.go:21.68,23.2 1 1
github.com/drayanaindra/saki-cli/backend/adapter/proto_http.go:27.52,32.2 1 1
github.com/drayanaindra/saki-cli/backend/adapter/proto_http.go:39.74,41.9 2 1
github.com/drayanaindra/saki-cli/backend/adapter/proto_http.go:41.9,44.3 2 1
github.com/drayanaindra/saki-cli/backend/adapter/proto_http.go:45.2,46.33 2 1
github.com/drayanaindra/saki-cli/backend/adapter/proto_http.go:46.33,49.3 2 1
github.com/drayanaindra/saki-cli/backend/adapter/proto_http.go:50.2,52.14 3 1
github.com/drayanaindra/saki-cli/backend/adapter/proto_http.go:52.14,54.3 1 0
github.com/drayanaindra/saki-cli/backend/adapter/proto_http.go:55.2,56.61 2 1
github.com/drayanaindra/saki-cli/backend/adapter/proto_http.go:63.48,64.15 1 1
github.com/drayanaindra/saki-cli/backend/adapter/proto_http.go:64.15,66.3 1 0
github.com/drayanaindra/saki-cli/backend/adapter/proto_http.go:67.2,67.67 1 1
github.com/drayanaindra/saki-cli/backend/adapter/proto_http.go:67.67,69.3 1 1
github.com/drayanaindra/saki-cli/backend/adapter/proto_http.go:70.2,70.64 1 1
github.com/drayanaindra/saki-cli/backend/adapter/proto_http.go:70.64,72.3 1 0
github.com/drayanaindra/saki-cli/backend/adapter/proto_http.go:73.2,73.18 1 1
github.com/drayanaindra/saki-cli/backend/adapter/residual_http.go:26.174,28.2 1 1
github.com/drayanaindra/saki-cli/backend/adapter/residual_http.go:31.55,36.2 4 1
github.com/drayanaindra/saki-cli/backend/adapter/residual_http.go:40.82,42.2 1 1
github.com/drayanaindra/saki-cli/backend/adapter/residual_http.go:46.82,48.15 2 1
github.com/drayanaindra/saki-cli/backend/adapter/residual_http.go:48.15,51.3 2 1
github.com/drayanaindra/saki-cli/backend/adapter/residual_http.go:52.2,52.75 1 1
github.com/drayanaindra/saki-cli/backend/adapter/residual_http.go:57.84,60.2 2 1
github.com/drayanaindra/saki-cli/backend/adapter/residual_http.go:66.84,76.35 5 1
github.com/drayanaindra/saki-cli/backend/adapter/residual_http.go:76.35,78.3 1 0
github.com/drayanaindra/saki-cli/backend/adapter/residual_http.go:83.2,84.38 2 1
github.com/drayanaindra/saki-cli/backend/adapter/residual_http.go:84.38,87.3 2 1
github.com/drayanaindra/saki-cli/backend/adapter/residual_http.go:88.2,89.17 2 1
github.com/drayanaindra/saki-cli/backend/adapter/residual_http.go:89.17,92.3 2 1
github.com/drayanaindra/saki-cli/backend/adapter/residual_http.go:93.2,93.59 1 1
github.com/drayanaindra/saki-cli/backend/adapter/residual_http.go:99.51,100.44 1 1
github.com/drayanaindra/saki-cli/backend/adapter/residual_http.go:100.44,102.3 1 1
github.com/drayanaindra/saki-cli/backend/adapter/residual_http.go:103.2,104.48 2 1
github.com/drayanaindra/saki-cli/backend/adapter/residual_http.go:104.48,106.3 1 1
github.com/drayanaindra/saki-cli/backend/adapter/residual_http.go:107.2,107.20 1 1
github.com/drayanaindra/saki-cli/backend/adapter/residual_http.go:111.42,112.14 1 1
github.com/drayanaindra/saki-cli/backend/adapter/residual_http.go:113.26,114.31 1 1
github.com/drayanaindra/saki-cli/backend/adapter/residual_http.go:115.25,116.29 1 1
github.com/drayanaindra/saki-cli/backend/adapter/residual_http.go:117.10,118.40 1 0
github.com/drayanaindra/saki-cli/backend/adapter/screenshot_http.go:17.76,19.2 1 1
github.com/drayanaindra/saki-cli/backend/adapter/screenshot_http.go:23.57,26.2 2 1
github.com/drayanaindra/saki-cli/backend/adapter/screenshot_http.go:30.73,32.15 2 1
github.com/drayanaindra/saki-cli/backend/adapter/screenshot_http.go:32.15,35.3 2 1
github.com/drayanaindra/saki-cli/backend/adapter/screenshot_http.go:36.2,36.71 1 1
github.com/drayanaindra/saki-cli/backend/adapter/screenshot_http.go:42.74,45.33 3 1
github.com/drayanaindra/saki-cli/backend/adapter/screenshot_http.go:45.33,48.3 2 1
github.com/drayanaindra/saki-cli/backend/adapter/screenshot_http.go:49.2,51.61 3 1
github.com/drayanaindra/saki-cli/backend/cmd/server/main.go:31.30,31.63 1 0
github.com/drayanaindra/saki-cli/backend/cmd/server/main.go:37.49,39.2 1 0
github.com/drayanaindra/saki-cli/backend/cmd/server/main.go:41.13,43.16 2 0
github.com/drayanaindra/saki-cli/backend/cmd/server/main.go:43.16,45.3 1 0
github.com/drayanaindra/saki-cli/backend/cmd/server/main.go:55.2,66.67 8 0
github.com/drayanaindra/saki-cli/backend/cmd/server/main.go:66.67,68.3 1 0
github.com/drayanaindra/saki-cli/backend/cmd/server/main.go:68.8,68.18 1 0
github.com/drayanaindra/saki-cli/backend/cmd/server/main.go:68.18,70.3 1 0
github.com/drayanaindra/saki-cli/backend/cmd/server/main.go:72.2,81.51 6 0
github.com/drayanaindra/saki-cli/backend/cmd/server/main.go:81.51,82.40 1 0
github.com/drayanaindra/saki-cli/backend/cmd/server/main.go:82.40,84.4 1 0
github.com/drayanaindra/saki-cli/backend/cmd/server/main.go:85.3,85.70 1 0
github.com/drayanaindra/saki-cli/backend/cmd/server/main.go:89.2,115.12 17 0
github.com/drayanaindra/saki-cli/backend/cmd/server/main.go:115.12,118.17 3 0
github.com/drayanaindra/saki-cli/backend/cmd/server/main.go:118.17,120.4 1 0
github.com/drayanaindra/saki-cli/backend/cmd/server/main.go:123.2,149.16 9 0
github.com/drayanaindra/saki-cli/backend/cmd/server/main.go:149.16,151.3 1 0
github.com/drayanaindra/saki-cli/backend/cmd/server/main.go:152.2,152.12 1 0
github.com/drayanaindra/saki-cli/backend/cmd/server/main.go:152.12,153.77 1 0
github.com/drayanaindra/saki-cli/backend/cmd/server/main.go:153.77,155.4 1 0
github.com/drayanaindra/saki-cli/backend/cmd/server/main.go:158.2,160.31 3 0
github.com/drayanaindra/saki-cli/backend/cmd/server/main.go:160.31,162.50 2 0
github.com/drayanaindra/saki-cli/backend/cmd/server/main.go:162.50,165.4 2 0
github.com/drayanaindra/saki-cli/backend/cmd/server/main.go:165.9,169.18 4 0
github.com/drayanaindra/saki-cli/backend/cmd/server/main.go:169.18,172.5 2 0
github.com/drayanaindra/saki-cli/backend/cmd/server/main.go:172.10,173.55 1 0
github.com/drayanaindra/saki-cli/backend/cmd/server/main.go:173.55,175.6 1 0
github.com/drayanaindra/saki-cli/backend/cmd/server/main.go:176.5,176.15 1 0
github.com/drayanaindra/saki-cli/backend/cmd/server/main.go:176.15,177.81 1 0
github.com/drayanaindra/saki-cli/backend/cmd/server/main.go:177.81,179.7 1 0
github.com/drayanaindra/saki-cli/backend/cmd/server/main.go:184.2,190.17 6 0
github.com/drayanaindra/saki-cli/backend/cmd/server/main.go:190.17,193.3 2 0
github.com/drayanaindra/saki-cli/backend/cmd/server/main.go:194.2,196.12 3 0
github.com/drayanaindra/saki-cli/backend/cmd/server/main.go:199.31,200.80 1 1
github.com/drayanaindra/saki-cli/backend/cmd/server/main.go:200.80,202.3 1 1
github.com/drayanaindra/saki-cli/backend/cmd/server/main.go:203.2,203.95 1 0
github.com/drayanaindra/saki-cli/backend/cmd/server/main.go:206.32,206.105 1 1
github.com/drayanaindra/saki-cli/backend/cmd/server/main.go:208.28,209.30 1 1
github.com/drayanaindra/saki-cli/backend/cmd/server/main.go:209.30,211.3 1 1
github.com/drayanaindra/saki-cli/backend/cmd/server/main.go:212.2,212.12 1 0
github.com/drayanaindra/saki-cli/backend/cmd/server/main.go:215.48,219.22 4 1
github.com/drayanaindra/saki-cli/backend/cmd/server/main.go:219.22,221.3 1 1
github.com/drayanaindra/saki-cli/backend/cmd/server/main.go:222.2,223.16 2 1
github.com/drayanaindra/saki-cli/backend/cmd/server/main.go:223.16,226.3 2 0
github.com/drayanaindra/saki-cli/backend/cmd/server/main.go:227.2,227.56 1 1
github.com/drayanaindra/saki-cli/backend/cmd/server/main.go:227.56,229.3 1 0
github.com/drayanaindra/saki-cli/backend/cmd/server/main.go:244.49,245.26 1 1
github.com/drayanaindra/saki-cli/backend/cmd/server/main.go:245.26,247.3 1 1
github.com/drayanaindra/saki-cli/backend/cmd/server/main.go:251.2,251.56 1 1
github.com/drayanaindra/saki-cli/backend/cmd/server/main.go:256.39,256.83 1 1
github.com/drayanaindra/saki-cli/backend/cmd/server/main.go:266.40,267.26 1 1
github.com/drayanaindra/saki-cli/backend/cmd/server/main.go:267.26,269.3 1 1
github.com/drayanaindra/saki-cli/backend/cmd/server/main.go:270.2,270.31 1 1
github.com/drayanaindra/saki-cli/backend/cmd/server/main.go:275.39,275.69 1 1
github.com/drayanaindra/saki-cli/backend/domain/blockers.go:37.51,40.47 3 1
github.com/drayanaindra/saki-cli/backend/domain/blockers.go:40.47,41.34 1 1
github.com/drayanaindra/saki-cli/backend/domain/blockers.go:41.34,44.12 3 1
github.com/drayanaindra/saki-cli/backend/domain/blockers.go:46.3,46.17 1 1
github.com/drayanaindra/saki-cli/backend/domain/blockers.go:46.17,47.12 1 1
github.com/drayanaindra/saki-cli/backend/domain/blockers.go:49.3,49.38 1 1
github.com/drayanaindra/saki-cli/backend/domain/blockers.go:49.38,51.12 2 1
github.com/drayanaindra/saki-cli/backend/domain/blockers.go:53.3,53.39 1 1
github.com/drayanaindra/saki-cli/backend/domain/blockers.go:53.39,55.12 2 1
github.com/drayanaindra/saki-cli/backend/domain/blockers.go:57.3,57.15 1 1
github.com/drayanaindra/saki-cli/backend/domain/blockers.go:57.15,58.12 1 1
github.com/drayanaindra/saki-cli/backend/domain/blockers.go:60.3,61.15 2 1
github.com/drayanaindra/saki-cli/backend/domain/blockers.go:61.15,62.12 1 1
github.com/drayanaindra/saki-cli/backend/domain/blockers.go:64.3,65.17 2 1
github.com/drayanaindra/saki-cli/backend/domain/blockers.go:65.17,66.12 1 0
github.com/drayanaindra/saki-cli/backend/domain/blockers.go:68.3,68.45 1 1
github.com/drayanaindra/saki-cli/backend/domain/blockers.go:70.2,70.12 1 1
github.com/drayanaindra/saki-cli/backend/domain/blockers.go:75.50,77.54 2 1
github.com/drayanaindra/saki-cli/backend/domain/blockers.go:77.54,79.3 1 1
github.com/drayanaindra/saki-cli/backend/domain/blockers.go:79.8,81.3 1 1
github.com/drayanaindra/saki-cli/backend/domain/blockers.go:82.2,85.57 3 1
github.com/drayanaindra/saki-cli/backend/domain/blockers.go:85.57,88.3 2 1
github.com/drayanaindra/saki-cli/backend/domain/blockers.go:89.2,89.61 1 1
github.com/drayanaindra/saki-cli/backend/domain/blockers.go:89.61,90.34 1 1
github.com/drayanaindra/saki-cli/backend/domain/blockers.go:90.34,92.4 1 1
github.com/drayanaindra/saki-cli/backend/domain/blockers.go:94.2,94.10 1 1
github.com/drayanaindra/saki-cli/backend/domain/blockers.go:99.57,101.43 2 1
github.com/drayanaindra/saki-cli/backend/domain/blockers.go:101.43,102.69 1 1
github.com/drayanaindra/saki-cli/backend/domain/blockers.go:102.69,104.4 1 1
github.com/drayanaindra/saki-cli/backend/domain/blockers.go:108.2,108.34 1 1
github.com/drayanaindra/saki-cli/backend/domain/blockers.go:108.34,109.81 1 1
github.com/drayanaindra/saki-cli/backend/domain/blockers.go:109.81,111.4 1 0
github.com/drayanaindra/saki-cli/backend/domain/blockers.go:113.2,113.18 1 1
github.com/drayanaindra/saki-cli/backend/domain/blockers.go:113.18,115.3 1 1
github.com/drayanaindra/saki-cli/backend/domain/blockers.go:116.2,116.14 1 1
github.com/drayanaindra/saki-cli/backend/domain/blockers.go:129.53,130.47 1 1
github.com/drayanaindra/saki-cli/backend/domain/blockers.go:130.47,131.79 1 1
github.com/drayanaindra/saki-cli/backend/domain/blockers.go:131.79,132.12 1 1
github.com/drayanaindra/saki-cli/backend/domain/blockers.go:134.3,136.57 3 1
github.com/drayanaindra/saki-cli/backend/domain/blockers.go:136.57,138.4 1 1
github.com/drayanaindra/saki-cli/backend/domain/blockers.go:138.9,138.64 1 1
github.com/drayanaindra/saki-cli/backend/domain/blockers.go:138.64,140.4 1 1
github.com/drayanaindra/saki-cli/backend/domain/blockers.go:141.3,141.15 1 1
github.com/drayanaindra/saki-cli/backend/domain/blockers.go:141.15,142.12 1 1
github.com/drayanaindra/saki-cli/backend/domain/blockers.go:144.3,144.91 1 1
github.com/drayanaindra/saki-cli/backend/domain/blockers.go:144.91,146.4 1 1
github.com/drayanaindra/saki-cli/backend/domain/blockers.go:147.3,147.19 1 0
github.com/drayanaindra/saki-cli/backend/domain/blockers.go:149.2,149.18 1 1
github.com/drayanaindra/saki-cli/backend/domain/blockers.go:153.44,155.17 2 1
github.com/drayanaindra/saki-cli/backend/domain/blockers.go:155.17,157.3 1 1
github.com/drayanaindra/saki-cli/backend/domain/blockers.go:158.2,158.22 1 0
github.com/drayanaindra/saki-cli/backend/domain/blockers.go:162.36,164.13 2 1
github.com/drayanaindra/saki-cli/backend/domain/blockers.go:164.13,166.3 1 0
github.com/drayanaindra/saki-cli/backend/domain/blockers.go:167.2,167.22 1 1
github.com/drayanaindra/saki-cli/backend/domain/blockers.go:167.22,168.25 1 1
github.com/drayanaindra/saki-cli/backend/domain/blockers.go:168.25,170.4 1 0
github.com/drayanaindra/saki-cli/backend/domain/blockers.go:171.3,171.24 1 1
github.com/drayanaindra/saki-cli/backend/domain/blockers.go:173.2,173.16 1 1
github.com/drayanaindra/saki-cli/backend/domain/branchname.go:13.44,14.9 1 1
github.com/drayanaindra/saki-cli/backend/domain/branchname.go:15.41,16.79 1 1
github.com/drayanaindra/saki-cli/backend/domain/branchname.go:17.36,18.59 1 1
github.com/drayanaindra/saki-cli/backend/domain/branchname.go:19.68,20.66 1 1
github.com/drayanaindra/saki-cli/backend/domain/branchname.go:21.36,22.57 1 1
github.com/drayanaindra/saki-cli/backend/domain/branchname.go:23.44,24.81 1 1
github.com/drayanaindra/saki-cli/backend/domain/branchname.go:26.2,26.12 1 1
github.com/drayanaindra/saki-cli/backend/domain/branchname.go:29.35,30.22 1 1
github.com/drayanaindra/saki-cli/backend/domain/branchname.go:30.22,31.25 1 1
github.com/drayanaindra/saki-cli/backend/domain/branchname.go:31.25,33.4 1 1
github.com/drayanaindra/saki-cli/backend/domain/branchname.go:35.2,35.14 1 1
github.com/drayanaindra/saki-cli/backend/domain/envstate.go:28.96,32.58 1 1
github.com/drayanaindra/saki-cli/backend/domain/envstate.go:32.58,34.3 1 1
github.com/drayanaindra/saki-cli/backend/domain/envstate.go:35.2,35.35 1 1
github.com/drayanaindra/saki-cli/backend/domain/envstate.go:35.35,37.3 1 1
github.com/drayanaindra/saki-cli/backend/domain/envstate.go:38.2,38.19 1 1
github.com/drayanaindra/saki-cli/backend/domain/folderchoice.go:23.70,24.15 1 1
github.com/drayanaindra/saki-cli/backend/domain/folderchoice.go:24.15,25.46 1 1
github.com/drayanaindra/saki-cli/backend/domain/folderchoice.go:25.46,27.4 1 1
github.com/drayanaindra/saki-cli/backend/domain/folderchoice.go:28.3,28.48 1 1
github.com/drayanaindra/saki-cli/backend/domain/folderchoice.go:30.2,30.40 1 1
github.com/drayanaindra/saki-cli/backend/domain/folderchoice.go:30.40,32.3 1 1
github.com/drayanaindra/saki-cli/backend/domain/folderchoice.go:33.2,33.49 1 1
github.com/drayanaindra/saki-cli/backend/domain/folderchoice.go:33.49,35.3 1 1
github.com/drayanaindra/saki-cli/backend/domain/folderchoice.go:36.2,36.68 1 1
github.com/drayanaindra/saki-cli/backend/domain/lock.go:29.36,31.2 1 1
github.com/drayanaindra/saki-cli/backend/domain/lock.go:35.56,37.2 1 1
github.com/drayanaindra/saki-cli/backend/domain/lock.go:41.44,42.22 1 1
github.com/drayanaindra/saki-cli/backend/domain/lock.go:42.22,44.3 1 1
github.com/drayanaindra/saki-cli/backend/domain/lock.go:45.2,46.33 2 1
github.com/drayanaindra/saki-cli/backend/domain/lock.go:46.33,48.3 1 0
github.com/drayanaindra/saki-cli/backend/domain/lock.go:49.2,49.18 1 1
github.com/drayanaindra/saki-cli/backend/domain/lock.go:55.58,56.56 1 1
github.com/drayanaindra/saki-cli/backend/domain/lock.go:56.56,58.61 2 1
github.com/drayanaindra/saki-cli/backend/domain/lock.go:58.61,59.37 1 1
github.com/drayanaindra/saki-cli/backend/domain/lock.go:59.37,61.5 1 1
github.com/drayanaindra/saki-cli/backend/domain/lock.go:62.4,62.22 1 1
github.com/drayanaindra/saki-cli/backend/domain/lock.go:65.2,65.56 1 1
github.com/drayanaindra/saki-cli/backend/domain/lock.go:65.56,67.3 1 1
github.com/drayanaindra/saki-cli/backend/domain/lock.go:68.2,68.21 1 1
github.com/drayanaindra/saki-cli/backend/domain/lock.go:75.85,76.23 1 1
github.com/drayanaindra/saki-cli/backend/domain/lock.go:76.23,78.3 1 1
github.com/drayanaindra/saki-cli/backend/domain/lock.go:79.2,81.16 3 1
github.com/drayanaindra/saki-cli/backend/domain/lock.go:81.16,83.3 1 1
github.com/drayanaindra/saki-cli/backend/domain/lock.go:84.2,85.91 2 1
github.com/drayanaindra/saki-cli/backend/domain/lock.go:101.82,102.51 1 1
github.com/drayanaindra/saki-cli/backend/domain/lock.go:102.51,104.3 1 1
github.com/drayanaindra/saki-cli/backend/domain/lock.go:105.2,105.15 1 1
github.com/drayanaindra/saki-cli/backend/domain/lock.go:105.15,107.3 1 1
github.com/drayanaindra/saki-cli/backend/domain/lock.go:108.2,110.27 3 1
github.com/drayanaindra/saki-cli/backend/domain/lock.go:110.27,112.3 1 1
github.com/drayanaindra/saki-cli/backend/domain/lock.go:113.2,113.77 1 1
github.com/drayanaindra/saki-cli/backend/domain/lock.go:113.77,115.3 1 1
github.com/drayanaindra/saki-cli/backend/domain/lock.go:116.2,116.18 1 1
github.com/drayanaindra/saki-cli/backend/domain/lock.go:116.18,118.3 1 1
github.com/drayanaindra/saki-cli/backend/domain/lock.go:119.2,119.44 1 1
github.com/drayanaindra/saki-cli/backend/domain/newproject.go:21.36,22.25 1 1
github.com/drayanaindra/saki-cli/backend/domain/newproject.go:23.58,24.14 1 1
github.com/drayanaindra/saki-cli/backend/domain/newproject.go:25.10,26.15 1 1
github.com/drayanaindra/saki-cli/backend/domain/newproject.go:37.39,37.55 1 0
github.com/drayanaindra/saki-cli/backend/domain/newproject.go:44.40,44.93 1 1
github.com/drayanaindra/saki-cli/backend/domain/newproject.go:53.56,55.19 2 1
github.com/drayanaindra/saki-cli/backend/domain/newproject.go:55.19,57.3 1 1
github.com/drayanaindra/saki-cli/backend/domain/newproject.go:58.2,58.23 1 1
github.com/drayanaindra/saki-cli/backend/domain/newproject.go:58.23,60.3 1 1
github.com/drayanaindra/saki-cli/backend/domain/newproject.go:61.2,61.34 1 1
github.com/drayanaindra/saki-cli/backend/domain/newproject.go:61.34,63.3 1 1
github.com/drayanaindra/saki-cli/backend/domain/newproject.go:64.2,64.21 1 1
github.com/drayanaindra/saki-cli/backend/domain/newproject.go:69.60,71.19 2 1
github.com/drayanaindra/saki-cli/backend/domain/newproject.go:71.19,73.3 1 1
github.com/drayanaindra/saki-cli/backend/domain/newproject.go:74.2,75.20 2 1
github.com/drayanaindra/saki-cli/backend/domain/newproject.go:75.20,77.3 1 1
github.com/drayanaindra/saki-cli/backend/domain/newproject.go:77.8,77.45 1 1
github.com/drayanaindra/saki-cli/backend/domain/newproject.go:77.45,79.3 1 1
github.com/drayanaindra/saki-cli/backend/domain/newproject.go:80.2,80.31 1 1
github.com/drayanaindra/saki-cli/backend/domain/newproject.go:80.31,82.3 1 1
github.com/drayanaindra/saki-cli/backend/domain/newproject.go:83.2,83.22 1 1
github.com/drayanaindra/saki-cli/backend/domain/newproject.go:89.69,91.16 2 1
github.com/drayanaindra/saki-cli/backend/domain/newproject.go:91.16,93.3 1 1
github.com/drayanaindra/saki-cli/backend/domain/newproject.go:94.2,95.16 2 1
github.com/drayanaindra/saki-cli/backend/domain/newproject.go:95.16,97.3 1 1
github.com/drayanaindra/saki-cli/backend/domain/newproject.go:98.2,99.59 2 1
github.com/drayanaindra/saki-cli/backend/domain/newproject.go:99.59,101.3 1 0
github.com/drayanaindra/saki-cli/backend/domain/newproject.go:102.2,102.18 1 1
github.com/drayanaindra/saki-cli/backend/domain/plantrack.go:32.34,32.69 1 0
github.com/drayanaindra/saki-cli/backend/domain/plantrack.go:36.62,38.2 1 1
github.com/drayanaindra/saki-cli/backend/domain/plantrack.go:42.61,44.2 1 1
github.com/drayanaindra/saki-cli/backend/domain/plantrack.go:50.67,52.9 2 1
github.com/drayanaindra/saki-cli/backend/domain/plantrack.go:52.9,54.3 1 1
github.com/drayanaindra/saki-cli/backend/domain/plantrack.go:55.2,56.16 2 1
github.com/drayanaindra/saki-cli/backend/domain/plantrack.go:56.16,58.3 1 0
github.com/drayanaindra/saki-cli/backend/domain/plantrack.go:59.2,60.12 2 1
github.com/drayanaindra/saki-cli/backend/domain/plantrack.go:60.12,62.3 1 0
github.com/drayanaindra/saki-cli/backend/domain/plantrack.go:63.2,65.15 3 1
github.com/drayanaindra/saki-cli/backend/domain/plantrack.go:65.15,67.3 1 1
github.com/drayanaindra/saki-cli/backend/domain/plantrack.go:68.2,68.21 1 1
github.com/drayanaindra/saki-cli/backend/domain/plantrack.go:68.21,70.3 1 1
github.com/drayanaindra/saki-cli/backend/domain/plantrack.go:71.2,72.53 2 1
github.com/drayanaindra/saki-cli/backend/domain/plantrack.go:77.99,79.9 2 1
github.com/drayanaindra/saki-cli/backend/domain/plantrack.go:79.9,81.3 1 1
github.com/drayanaindra/saki-cli/backend/domain/plantrack.go:82.2,83.12 2 1
github.com/drayanaindra/saki-cli/backend/domain/plantrack.go:83.12,85.3 1 1
github.com/drayanaindra/saki-cli/backend/domain/plantrack.go:86.2,88.47 3 1
github.com/drayanaindra/saki-cli/backend/domain/plantrack.go:88.47,90.3 1 1
github.com/drayanaindra/saki-cli/backend/domain/plantrack.go:91.2,92.16 2 1
github.com/drayanaindra/saki-cli/backend/domain/plantrack.go:92.16,94.3 1 1
github.com/drayanaindra/saki-cli/backend/domain/plantrack.go:95.2,95.53 1 1
github.com/drayanaindra/saki-cli/backend/domain/plantrack.go:100.65,102.14 2 1
github.com/drayanaindra/saki-cli/backend/domain/plantrack.go:102.14,104.3 1 1
github.com/drayanaindra/saki-cli/backend/domain/plantrack.go:105.2,105.47 1 1
github.com/drayanaindra/saki-cli/backend/domain/plantrack.go:105.47,107.3 1 1
github.com/drayanaindra/saki-cli/backend/domain/plantrack.go:108.2,109.24 2 1
github.com/drayanaindra/saki-cli/backend/domain/plantrack.go:116.81,118.21 2 1
github.com/drayanaindra/saki-cli/backend/domain/plantrack.go:118.21,119.45 1 1
github.com/drayanaindra/saki-cli/backend/domain/plantrack.go:119.45,120.12 1 1
github.com/drayanaindra/saki-cli/backend/domain/plantrack.go:122.3,123.15 2 1
github.com/drayanaindra/saki-cli/backend/domain/plantrack.go:123.15,124.12 1 1
github.com/drayanaindra/saki-cli/backend/domain/plantrack.go:126.3,127.21 2 1
github.com/drayanaindra/saki-cli/backend/domain/plantrack.go:127.21,129.4 1 1
github.com/drayanaindra/saki-cli/backend/domain/plantrack.go:130.3,130.30 1 1
github.com/drayanaindra/saki-cli/backend/domain/plantrack.go:132.2,132.20 1 1
github.com/drayanaindra/saki-cli/backend/domain/plantrack.go:139.75,141.16 2 1
github.com/drayanaindra/saki-cli/backend/domain/plantrack.go:141.16,143.3 1 0
github.com/drayanaindra/saki-cli/backend/domain/plantrack.go:144.2,145.55 2 1
github.com/drayanaindra/saki-cli/backend/domain/plantrack.go:151.49,153.16 2 1
github.com/drayanaindra/saki-cli/backend/domain/plantrack.go:153.16,155.3 1 0
github.com/drayanaindra/saki-cli/backend/domain/plantrack.go:156.2,156.58 1 1
github.com/drayanaindra/saki-cli/backend/domain/plantrack.go:160.46,161.23 1 1
github.com/drayanaindra/saki-cli/backend/domain/plantrack.go:161.23,162.13 1 1
github.com/drayanaindra/saki-cli/backend/domain/plantrack.go:162.13,164.4 1 1
github.com/drayanaindra/saki-cli/backend/domain/plantrack.go:166.2,166.14 1 1
github.com/drayanaindra/saki-cli/backend/domain/prd.go:16.37,18.14 2 1
github.com/drayanaindra/saki-cli/backend/domain/prd.go:18.14,20.3 1 1
github.com/drayanaindra/saki-cli/backend/domain/prd.go:21.2,21.22 1 1
github.com/drayanaindra/saki-cli/backend/domain/prd.go:26.43,27.39 1 1
github.com/drayanaindra/saki-cli/backend/domain/prd.go:27.39,29.3 1 1
github.com/drayanaindra/saki-cli/backend/domain/prd.go:30.2,30.16 1 1
github.com/drayanaindra/saki-cli/backend/domain/prd.go:36.53,38.51 2 1
github.com/drayanaindra/saki-cli/backend/domain/prd.go:38.51,40.3 1 1
github.com/drayanaindra/saki-cli/backend/domain/prd.go:41.2,43.59 3 1
github.com/drayanaindra/saki-cli/backend/domain/protoasset.go:19.64,20.28 1 1
github.com/drayanaindra/saki-cli/backend/domain/protoasset.go:20.28,22.3 1 1
github.com/drayanaindra/saki-cli/backend/domain/protoasset.go:23.2,23.37 1 1
github.com/drayanaindra/saki-cli/backend/domain/protoasset.go:23.37,25.3 1 1
github.com/drayanaindra/saki-cli/backend/domain/protoasset.go:26.2,28.79 3 1
github.com/drayanaindra/saki-cli/backend/domain/protoasset.go:28.79,30.3 1 1
github.com/drayanaindra/saki-cli/backend/domain/protoasset.go:31.2,31.16 1 1
github.com/drayanaindra/saki-cli/backend/domain/repo.go:13.28,15.2 1 1
github.com/drayanaindra/saki-cli/backend/domain/resolveq.go:24.64,27.44 3 1
github.com/drayanaindra/saki-cli/backend/domain/resolveq.go:27.44,28.36 1 1
github.com/drayanaindra/saki-cli/backend/domain/resolveq.go:28.36,30.9 2 1
github.com/drayanaindra/saki-cli/backend/domain/resolveq.go:33.2,35.29 3 1
github.com/drayanaindra/saki-cli/backend/domain/resolveq.go:35.29,37.15 2 1
github.com/drayanaindra/saki-cli/backend/domain/resolveq.go:37.15,38.12 1 1
github.com/drayanaindra/saki-cli/backend/domain/resolveq.go:40.3,41.57 2 1
github.com/drayanaindra/saki-cli/backend/domain/resolveq.go:41.57,42.12 1 1
github.com/drayanaindra/saki-cli/backend/domain/resolveq.go:44.3,44.63 1 1
github.com/drayanaindra/saki-cli/backend/domain/resolveq.go:46.2,46.34 1 1
github.com/drayanaindra/saki-cli/backend/domain/resolveq.go:53.71,56.26 3 1
github.com/drayanaindra/saki-cli/backend/domain/resolveq.go:56.26,58.3 1 1
github.com/drayanaindra/saki-cli/backend/domain/resolveq.go:59.2,60.34 2 1
github.com/drayanaindra/saki-cli/backend/domain/resolveq.go:60.34,62.3 1 1
github.com/drayanaindra/saki-cli/backend/domain/resolveq.go:64.2,66.26 3 1
github.com/drayanaindra/saki-cli/backend/domain/resolveq.go:66.26,67.88 1 1
github.com/drayanaindra/saki-cli/backend/domain/resolveq.go:67.88,69.9 2 1
github.com/drayanaindra/saki-cli/backend/domain/resolveq.go:72.2,72.20 1 1
github.com/drayanaindra/saki-cli/backend/domain/resolveq.go:72.20,74.35 2 1
github.com/drayanaindra/saki-cli/backend/domain/resolveq.go:74.35,76.4 1 1
github.com/drayanaindra/saki-cli/backend/domain/resolveq.go:77.3,77.99 1 1
github.com/drayanaindra/saki-cli/backend/domain/resolveq.go:79.2,79.75 1 1
github.com/drayanaindra/saki-cli/backend/domain/resolveq.go:85.82,87.45 2 1
github.com/drayanaindra/saki-cli/backend/domain/resolveq.go:87.45,88.38 1 1
github.com/drayanaindra/saki-cli/backend/domain/resolveq.go:88.38,90.9 2 1
github.com/drayanaindra/saki-cli/backend/domain/resolveq.go:93.2,94.41 2 1
github.com/drayanaindra/saki-cli/backend/domain/resolveq.go:94.41,95.42 1 1
github.com/drayanaindra/saki-cli/backend/domain/resolveq.go:95.42,97.9 2 1
github.com/drayanaindra/saki-cli/backend/domain/resolveq.go:100.2,100.21 1 1
github.com/drayanaindra/saki-cli/backend/domain/resolveq.go:100.21,102.3 1 1
github.com/drayanaindra/saki-cli/backend/domain/resolveq.go:103.2,104.74 2 1
github.com/drayanaindra/saki-cli/backend/domain/resolveq.go:104.74,106.3 1 1
github.com/drayanaindra/saki-cli/backend/domain/resolveq.go:107.2,107.63 1 1
github.com/drayanaindra/saki-cli/backend/domain/resolveq.go:111.68,117.2 5 1
github.com/drayanaindra/saki-cli/backend/domain/roadmap.go:57.61,59.14 2 1
github.com/drayanaindra/saki-cli/backend/domain/roadmap.go:59.14,61.3 1 1
github.com/drayanaindra/saki-cli/backend/domain/roadmap.go:62.2,62.38 1 1
github.com/drayanaindra/saki-cli/backend/domain/roadmap.go:66.52,68.34 2 1
github.com/drayanaindra/saki-cli/backend/domain/roadmap.go:68.34,70.3 1 1
github.com/drayanaindra/saki-cli/backend/domain/roadmap.go:71.2,71.11 1 1
github.com/drayanaindra/saki-cli/backend/domain/roadmap.go:76.75,78.35 2 1
github.com/drayanaindra/saki-cli/backend/domain/roadmap.go:78.35,80.3 1 1
github.com/drayanaindra/saki-cli/backend/domain/roadmap.go:81.2,82.43 2 1
github.com/drayanaindra/saki-cli/backend/domain/roadmap.go:82.43,84.3 1 1
github.com/drayanaindra/saki-cli/backend/domain/roadmap.go:84.8,84.50 1 1
github.com/drayanaindra/saki-cli/backend/domain/roadmap.go:84.50,86.3 1 1
github.com/drayanaindra/saki-cli/backend/domain/roadmap.go:87.2,99.3 2 1
github.com/drayanaindra/saki-cli/backend/domain/roadmap.go:105.78,107.49 2 1
github.com/drayanaindra/saki-cli/backend/domain/roadmap.go:107.49,109.3 1 1
github.com/drayanaindra/saki-cli/backend/domain/roadmap.go:114.2,115.21 2 1
github.com/drayanaindra/saki-cli/backend/domain/roadmap.go:115.21,118.21 3 1
github.com/drayanaindra/saki-cli/backend/domain/roadmap.go:118.21,120.4 1 1
github.com/drayanaindra/saki-cli/backend/domain/roadmap.go:121.3,124.83 4 1
github.com/drayanaindra/saki-cli/backend/domain/roadmap.go:124.83,126.4 1 1
github.com/drayanaindra/saki-cli/backend/domain/roadmap.go:128.2,128.27 1 1
github.com/drayanaindra/saki-cli/backend/domain/roadmap.go:142.49,143.15 1 0
github.com/drayanaindra/saki-cli/backend/domain/roadmap.go:143.15,145.3 1 0
github.com/drayanaindra/saki-cli/backend/domain/roadmap.go:146.2,147.16 2 0
github.com/drayanaindra/saki-cli/backend/domain/roadmap.go:147.16,149.3 1 0
github.com/drayanaindra/saki-cli/backend/domain/roadmap.go:150.2,151.85 2 0
github.com/drayanaindra/saki-cli/backend/domain/roadmap.go:151.85,153.3 1 0
github.com/drayanaindra/saki-cli/backend/domain/roadmap.go:154.2,154.48 1 0
github.com/drayanaindra/saki-cli/backend/domain/run.go:26.48,27.18 1 0
github.com/drayanaindra/saki-cli/backend/domain/run.go:27.18,29.3 1 0
github.com/drayanaindra/saki-cli/backend/domain/run.go:30.2,30.15 1 0
github.com/drayanaindra/saki-cli/backend/domain/run.go:39.33,39.56 1 1
github.com/drayanaindra/saki-cli/backend/domain/run.go:46.32,46.54 1 1
github.com/drayanaindra/saki-cli/backend/domain/screenshot.go:21.69,22.28 1 1
github.com/drayanaindra/saki-cli/backend/domain/screenshot.go:22.28,24.3 1 1
github.com/drayanaindra/saki-cli/backend/domain/screenshot.go:25.2,25.25 1 1
github.com/drayanaindra/saki-cli/backend/domain/screenshot.go:25.25,27.3 1 1
github.com/drayanaindra/saki-cli/backend/domain/screenshot.go:28.2,28.54 1 1
github.com/drayanaindra/saki-cli/backend/domain/screenshot.go:28.54,30.3 1 1
github.com/drayanaindra/saki-cli/backend/domain/screenshot.go:31.2,33.79 3 1
github.com/drayanaindra/saki-cli/backend/domain/screenshot.go:33.79,35.3 1 1
github.com/drayanaindra/saki-cli/backend/domain/screenshot.go:36.2,36.16 1 1
github.com/drayanaindra/saki-cli/backend/domain/slashcmd.go:32.48,32.93 1 1
github.com/drayanaindra/saki-cli/backend/domain/slashcmd.go:48.68,50.14 2 1
github.com/drayanaindra/saki-cli/backend/domain/slashcmd.go:50.14,52.3 1 1
github.com/drayanaindra/saki-cli/backend/domain/slashcmd.go:53.2,53.58 1 1
github.com/drayanaindra/saki-cli/backend/domain/workitems.go:49.49,66.18 3 1
github.com/drayanaindra/saki-cli/backend/domain/workitems.go:66.18,68.3 1 1
github.com/drayanaindra/saki-cli/backend/domain/workitems.go:69.2,73.69 1 1
github.com/drayanaindra/saki-cli/backend/domain/workitems.go:76.28,77.14 1 1
github.com/drayanaindra/saki-cli/backend/domain/workitems.go:77.14,79.3 1 1
github.com/drayanaindra/saki-cli/backend/domain/workitems.go:80.2,80.10 1 1
github.com/drayanaindra/saki-cli/backend/domain/workitems.go:120.51,122.62 2 1
github.com/drayanaindra/saki-cli/backend/domain/workitems.go:122.62,124.3 1 1
github.com/drayanaindra/saki-cli/backend/domain/workitems.go:125.2,125.33 1 1
github.com/drayanaindra/saki-cli/backend/domain/workitems.go:125.33,127.3 1 1
github.com/drayanaindra/saki-cli/backend/domain/workitems.go:128.2,129.63 2 1
github.com/drayanaindra/saki-cli/backend/domain/workitems.go:129.63,131.3 1 1
github.com/drayanaindra/saki-cli/backend/domain/workitems.go:132.2,135.11 4 1
github.com/drayanaindra/saki-cli/backend/domain/workitems.go:140.77,142.31 2 1
github.com/drayanaindra/saki-cli/backend/domain/workitems.go:142.31,144.3 1 1
github.com/drayanaindra/saki-cli/backend/domain/workitems.go:145.2,145.14 1 1
github.com/drayanaindra/saki-cli/backend/domain/workitems.go:146.15,147.54 1 1
github.com/drayanaindra/saki-cli/backend/domain/workitems.go:148.18,149.52 1 1
github.com/drayanaindra/saki-cli/backend/domain/workitems.go:151.2,151.14 1 1
github.com/drayanaindra/saki-cli/backend/domain/workitems.go:157.77,158.65 1 1
github.com/drayanaindra/saki-cli/backend/domain/workitems.go:158.65,160.3 1 1
github.com/drayanaindra/saki-cli/backend/domain/workitems.go:161.2,161.47 1 1
github.com/drayanaindra/saki-cli/backend/domain/workitems.go:161.47,162.67 1 1
github.com/drayanaindra/saki-cli/backend/domain/workitems.go:162.67,163.12 1 1
github.com/drayanaindra/saki-cli/backend/domain/workitems.go:165.3,165.34 1 1
github.com/drayanaindra/saki-cli/backend/domain/workitems.go:165.34,166.42 1 1
github.com/drayanaindra/saki-cli/backend/domain/workitems.go:166.42,168.5 1 0
github.com/drayanaindra/saki-cli/backend/domain/workitems.go:169.4,169.37 1 1
github.com/drayanaindra/saki-cli/backend/domain/workitems.go:169.37,171.5 1 1
github.com/drayanaindra/saki-cli/backend/domain/workitems.go:173.3,173.51 1 0
github.com/drayanaindra/saki-cli/backend/domain/workitems.go:175.2,175.12 1 1
github.com/drayanaindra/saki-cli/backend/domain/workitems.go:181.124,182.50 1 1
github.com/drayanaindra/saki-cli/backend/domain/workitems.go:182.50,184.3 1 1
github.com/drayanaindra/saki-cli/backend/domain/workitems.go:185.2,186.30 2 1
github.com/drayanaindra/saki-cli/backend/domain/workitems.go:186.30,188.3 1 1
github.com/drayanaindra/saki-cli/backend/domain/workitems.go:189.2,190.50 2 1
github.com/drayanaindra/saki-cli/backend/domain/workitems.go:190.50,191.17 1 1
github.com/drayanaindra/saki-cli/backend/domain/workitems.go:191.17,194.9 3 1
github.com/drayanaindra/saki-cli/backend/domain/workitems.go:197.2,197.20 1 1
github.com/drayanaindra/saki-cli/backend/domain/workitems.go:197.20,199.3 1 1
github.com/drayanaindra/saki-cli/backend/domain/workitems.go:200.2,203.16 4 1
github.com/drayanaindra/saki-cli/backend/domain/workitems.go:203.16,205.3 1 1
github.com/drayanaindra/saki-cli/backend/domain/workitems.go:206.2,207.45 2 1
github.com/drayanaindra/saki-cli/backend/domain/workitems.go:207.45,209.3 1 1
github.com/drayanaindra/saki-cli/backend/domain/workitems.go:210.2,210.44 1 1
github.com/drayanaindra/saki-cli/backend/domain/workitems.go:213.55,217.32 3 1
github.com/drayanaindra/saki-cli/backend/domain/workitems.go:217.32,218.51 1 1
github.com/drayanaindra/saki-cli/backend/domain/workitems.go:218.51,220.4 1 1
github.com/drayanaindra/saki-cli/backend/domain/workitems.go:222.2,222.12 1 1
github.com/drayanaindra/saki-cli/backend/domain/workitems.go:241.25,243.22 2 1
github.com/drayanaindra/saki-cli/backend/domain/workitems.go:243.22,245.3 1 1
github.com/drayanaindra/saki-cli/backend/domain/workitems.go:246.2,246.10 1 1
github.com/drayanaindra/saki-cli/backend/domain/workitems.go:251.42,253.47 2 1
github.com/drayanaindra/saki-cli/backend/domain/workitems.go:253.47,254.39 1 1
github.com/drayanaindra/saki-cli/backend/domain/workitems.go:254.39,255.12 1 1
github.com/drayanaindra/saki-cli/backend/domain/workitems.go:257.3,257.60 1 1
github.com/drayanaindra/saki-cli/backend/domain/workitems.go:257.60,259.12 2 1
github.com/drayanaindra/saki-cli/backend/domain/workitems.go:261.3,261.60 1 1
github.com/drayanaindra/saki-cli/backend/domain/workitems.go:261.60,263.4 1 1
github.com/drayanaindra/saki-cli/backend/domain/workitems.go:265.2,265.13 1 1
github.com/drayanaindra/saki-cli/backend/domain/workitems.go:269.41,270.40 1 1
github.com/drayanaindra/saki-cli/backend/domain/workitems.go:270.40,272.3 1 1
github.com/drayanaindra/saki-cli/backend/domain/workitems.go:273.2,274.56 2 1
github.com/drayanaindra/saki-cli/backend/domain/workitems.go:274.56,276.3 1 1
github.com/drayanaindra/saki-cli/backend/domain/workitems.go:277.2,277.56 1 1
github.com/drayanaindra/saki-cli/backend/domain/workitems.go:277.56,279.3 1 1
github.com/drayanaindra/saki-cli/backend/domain/workitems.go:280.2,280.11 1 0
github.com/drayanaindra/saki-cli/backend/domain/workitems.go:284.40,286.47 2 1
github.com/drayanaindra/saki-cli/backend/domain/workitems.go:286.47,288.85 2 1
github.com/drayanaindra/saki-cli/backend/domain/workitems.go:288.85,289.12 1 1
github.com/drayanaindra/saki-cli/backend/domain/workitems.go:291.3,291.25 1 1
github.com/drayanaindra/saki-cli/backend/domain/workitems.go:293.2,293.13 1 1
github.com/drayanaindra/saki-cli/backend/domain/workitems.go:297.41,299.47 2 1
github.com/drayanaindra/saki-cli/backend/domain/workitems.go:299.47,301.86 2 1
github.com/drayanaindra/saki-cli/backend/domain/workitems.go:301.86,302.12 1 1
github.com/drayanaindra/saki-cli/backend/domain/workitems.go:304.3,304.25 1 1
github.com/drayanaindra/saki-cli/backend/domain/workitems.go:306.2,306.13 1 1
github.com/drayanaindra/saki-cli/backend/domain/workitems.go:318.53,322.32 4 1
github.com/drayanaindra/saki-cli/backend/domain/workitems.go:322.32,324.3 1 1
github.com/drayanaindra/saki-cli/backend/domain/workitems.go:324.8,324.21 1 1
github.com/drayanaindra/saki-cli/backend/domain/workitems.go:324.21,326.3 1 1
github.com/drayanaindra/saki-cli/backend/domain/workitems.go:327.2,327.67 1 1
github.com/drayanaindra/saki-cli/backend/domain/workitems.go:331.50,332.21 1 1
github.com/drayanaindra/saki-cli/backend/domain/workitems.go:332.21,334.3 1 1
github.com/drayanaindra/saki-cli/backend/domain/workitems.go:335.2,335.44 1 1
github.com/drayanaindra/saki-cli/backend/domain/workitems.go:335.44,337.3 1 1
github.com/drayanaindra/saki-cli/backend/domain/workitems.go:338.2,338.23 1 1
github.com/drayanaindra/saki-cli/backend/domain/workitems.go:364.38,366.43 2 1
github.com/drayanaindra/saki-cli/backend/domain/workitems.go:366.43,368.3 1 1
github.com/drayanaindra/saki-cli/backend/domain/workitems.go:369.2,369.90 1 1
github.com/drayanaindra/saki-cli/backend/domain/workitems.go:369.90,371.3 1 1
github.com/drayanaindra/saki-cli/backend/domain/workitems.go:372.2,372.47 1 1
github.com/drayanaindra/saki-cli/backend/domain/workitems.go:372.47,374.3 1 1
github.com/drayanaindra/saki-cli/backend/domain/workitems.go:375.2,378.23 4 1
github.com/drayanaindra/saki-cli/backend/domain/workitems.go:378.23,380.3 1 1
github.com/drayanaindra/saki-cli/backend/domain/workitems.go:381.2,381.11 1 1
github.com/drayanaindra/saki-cli/backend/domain/workitems.go:381.11,383.3 1 1
github.com/drayanaindra/saki-cli/backend/domain/workitems.go:384.2,384.41 1 1
github.com/drayanaindra/saki-cli/backend/domain/workitems.go:384.41,385.32 1 1
github.com/drayanaindra/saki-cli/backend/domain/workitems.go:385.32,387.4 1 1
github.com/drayanaindra/saki-cli/backend/domain/workitems.go:389.2,389.17 1 1
github.com/drayanaindra/saki-cli/backend/domain/workitems.go:395.59,396.27 1 1
github.com/drayanaindra/saki-cli/backend/domain/workitems.go:396.27,397.32 1 1
github.com/drayanaindra/saki-cli/backend/domain/workitems.go:397.32,399.4 1 1
github.com/drayanaindra/saki-cli/backend/domain/workitems.go:400.3,400.33 1 1
github.com/drayanaindra/saki-cli/backend/domain/workitems.go:400.33,402.4 1 1
github.com/drayanaindra/saki-cli/backend/domain/workitems.go:404.2,404.22 1 1
github.com/drayanaindra/saki-cli/backend/domain/workitems.go:409.43,412.53 3 1
github.com/drayanaindra/saki-cli/backend/domain/workitems.go:412.53,412.85 1 1
github.com/drayanaindra/saki-cli/backend/domain/workitems.go:413.2,413.21 1 1
github.com/drayanaindra/saki-cli/backend/domain/workitems.go:413.21,415.3 1 0
github.com/drayanaindra/saki-cli/backend/domain/workitems.go:416.2,417.23 2 1
github.com/drayanaindra/saki-cli/backend/domain/workitems.go:417.23,419.3 1 1
github.com/drayanaindra/saki-cli/backend/domain/workitems.go:420.2,420.14 1 1
github.com/drayanaindra/saki-cli/backend/domain/workitems.go:425.35,428.37 3 1
github.com/drayanaindra/saki-cli/backend/domain/workitems.go:428.37,429.101 1 1
github.com/drayanaindra/saki-cli/backend/domain/workitems.go:429.101,431.4 1 1
github.com/drayanaindra/saki-cli/backend/domain/workitems.go:432.3,432.14 1 0
github.com/drayanaindra/saki-cli/backend/domain/workitems.go:434.2,434.13 1 1
github.com/drayanaindra/saki-cli/backend/domain/workitems.go:438.37,441.2 2 1
github.com/drayanaindra/saki-cli/backend/domain/workitems.go:445.34,446.70 1 1
github.com/drayanaindra/saki-cli/backend/domain/workitems.go:446.70,448.3 1 1
github.com/drayanaindra/saki-cli/backend/domain/workitems.go:449.2,449.24 1 1
github.com/drayanaindra/saki-cli/backend/domain/workitems.go:449.24,450.101 1 1
github.com/drayanaindra/saki-cli/backend/domain/workitems.go:450.101,452.4 1 1
github.com/drayanaindra/saki-cli/backend/domain/workitems.go:454.2,454.11 1 1
github.com/drayanaindra/saki-cli/backend/domain/workitems.go:460.63,462.21 2 1
github.com/drayanaindra/saki-cli/backend/domain/workitems.go:462.21,464.3 1 1
github.com/drayanaindra/saki-cli/backend/domain/workitems.go:465.2,468.24 4 1
github.com/drayanaindra/saki-cli/backend/domain/workitems.go:468.24,470.3 1 1
github.com/drayanaindra/saki-cli/backend/domain/workitems.go:471.2,471.16 1 1
github.com/drayanaindra/saki-cli/backend/domain/workitems.go:471.16,474.3 2 1
github.com/drayanaindra/saki-cli/backend/domain/workitems.go:475.2,475.19 1 1
github.com/drayanaindra/saki-cli/backend/domain/workitems.go:481.35,483.14 2 1
github.com/drayanaindra/saki-cli/backend/domain/workitems.go:483.14,485.3 1 1
github.com/drayanaindra/saki-cli/backend/domain/workitems.go:486.2,486.14 1 1
github.com/drayanaindra/saki-cli/backend/usecase/blockers.go:18.57,20.2 1 1
github.com/drayanaindra/saki-cli/backend/usecase/blockers.go:25.73,27.63 2 1
github.com/drayanaindra/saki-cli/backend/usecase/blockers.go:27.63,29.3 1 1
github.com/drayanaindra/saki-cli/backend/usecase/blockers.go:30.2,31.9 2 1
github.com/drayanaindra/saki-cli/backend/usecase/blockers.go:31.9,33.3 1 1
github.com/drayanaindra/saki-cli/backend/usecase/blockers.go:34.2,41.3 3 1
github.com/drayanaindra/saki-cli/backend/usecase/blockers.go:45.63,46.15 1 1
github.com/drayanaindra/saki-cli/backend/usecase/blockers.go:46.15,48.3 1 1
github.com/drayanaindra/saki-cli/backend/usecase/blockers.go:49.2,49.73 1 1
github.com/drayanaindra/saki-cli/backend/usecase/blockers.go:49.73,50.21 1 1
github.com/drayanaindra/saki-cli/backend/usecase/blockers.go:50.21,51.39 1 1
github.com/drayanaindra/saki-cli/backend/usecase/blockers.go:51.39,53.5 1 1
github.com/drayanaindra/saki-cli/backend/usecase/blockers.go:54.4,54.13 1 0
github.com/drayanaindra/saki-cli/backend/usecase/blockers.go:57.2,57.11 1 0
github.com/drayanaindra/saki-cli/backend/usecase/blockers.go:72.63,74.2 1 1
github.com/drayanaindra/saki-cli/backend/usecase/blockers.go:78.63,79.26 1 1
github.com/drayanaindra/saki-cli/backend/usecase/blockers.go:79.26,81.3 1 1
github.com/drayanaindra/saki-cli/backend/usecase/blockers.go:82.2,82.77 1 1
github.com/drayanaindra/saki-cli/backend/usecase/blockers.go:86.40,87.23 1 1
github.com/drayanaindra/saki-cli/backend/usecase/blockers.go:87.23,88.13 1 1
github.com/drayanaindra/saki-cli/backend/usecase/blockers.go:88.13,90.4 1 1
github.com/drayanaindra/saki-cli/backend/usecase/blockers.go:92.2,92.14 1 1
github.com/drayanaindra/saki-cli/backend/usecase/branch.go:19.58,21.2 1 1
github.com/drayanaindra/saki-cli/backend/usecase/branch.go:25.64,26.16 1 1
github.com/drayanaindra/saki-cli/backend/usecase/branch.go:26.16,28.3 1 1
github.com/drayanaindra/saki-cli/backend/usecase/branch.go:29.2,29.38 1 1
github.com/drayanaindra/saki-cli/backend/usecase/buildclass.go:72.50,74.26 2 1
github.com/drayanaindra/saki-cli/backend/usecase/buildclass.go:74.26,75.23 1 1
github.com/drayanaindra/saki-cli/backend/usecase/buildclass.go:75.23,76.12 1 1
github.com/drayanaindra/saki-cli/backend/usecase/buildclass.go:78.3,79.41 2 1
github.com/drayanaindra/saki-cli/backend/usecase/buildclass.go:79.41,80.12 1 0
github.com/drayanaindra/saki-cli/backend/usecase/buildclass.go:82.3,82.67 1 1
github.com/drayanaindra/saki-cli/backend/usecase/buildclass.go:84.2,84.19 1 1
github.com/drayanaindra/saki-cli/backend/usecase/buildclass.go:84.19,86.3 1 1
github.com/drayanaindra/saki-cli/backend/usecase/buildclass.go:87.2,87.22 1 1
github.com/drayanaindra/saki-cli/backend/usecase/buildclass.go:94.84,95.16 1 1
github.com/drayanaindra/saki-cli/backend/usecase/buildclass.go:96.16,97.38 1 1
github.com/drayanaindra/saki-cli/backend/usecase/buildclass.go:97.38,99.4 1 1
github.com/drayanaindra/saki-cli/backend/usecase/buildclass.go:100.19,102.24 2 1
github.com/drayanaindra/saki-cli/backend/usecase/buildclass.go:102.24,104.4 1 0
github.com/drayanaindra/saki-cli/backend/usecase/buildclass.go:105.3,105.44 1 1
github.com/drayanaindra/saki-cli/backend/usecase/buildclass.go:105.44,107.4 1 1
github.com/drayanaindra/saki-cli/backend/usecase/buildclass.go:108.14,112.32 1 1
github.com/drayanaindra/saki-cli/backend/usecase/buildclass.go:112.32,113.28 1 1
github.com/drayanaindra/saki-cli/backend/usecase/buildclass.go:113.28,115.5 1 1
github.com/drayanaindra/saki-cli/backend/usecase/buildclass.go:116.4,116.22 1 1
github.com/drayanaindra/saki-cli/backend/usecase/buildclass.go:118.24,124.58 1 1
github.com/drayanaindra/saki-cli/backend/usecase/buildclass.go:124.58,127.4 2 1
github.com/drayanaindra/saki-cli/backend/usecase/buildclass.go:129.2,129.30 1 1
github.com/drayanaindra/saki-cli/backend/usecase/buildclass.go:134.53,135.23 1 1
github.com/drayanaindra/saki-cli/backend/usecase/buildclass.go:135.23,137.3 1 0
github.com/drayanaindra/saki-cli/backend/usecase/buildclass.go:138.2,138.36 1 1
github.com/drayanaindra/saki-cli/backend/usecase/buildclass.go:138.36,140.3 1 1
github.com/drayanaindra/saki-cli/backend/usecase/buildclass.go:141.2,145.45 2 1
github.com/drayanaindra/saki-cli/backend/usecase/buildclass.go:145.45,147.3 1 0
github.com/drayanaindra/saki-cli/backend/usecase/buildclass.go:148.2,149.27 2 1
github.com/drayanaindra/saki-cli/backend/usecase/buildclass.go:149.27,150.39 1 1
github.com/drayanaindra/saki-cli/backend/usecase/buildclass.go:150.39,152.4 1 1
github.com/drayanaindra/saki-cli/backend/usecase/buildclass.go:154.2,154.21 1 1
github.com/drayanaindra/saki-cli/backend/usecase/buildclass.go:154.21,156.3 1 0
github.com/drayanaindra/saki-cli/backend/usecase/buildclass.go:157.2,158.16 2 1
github.com/drayanaindra/saki-cli/backend/usecase/buildclass.go:161.51,162.19 1 1
github.com/drayanaindra/saki-cli/backend/usecase/buildclass.go:162.19,164.3 1 0
github.com/drayanaindra/saki-cli/backend/usecase/buildclass.go:165.2,166.36 2 1
github.com/drayanaindra/saki-cli/backend/usecase/buildclass.go:166.36,168.3 1 1
github.com/drayanaindra/saki-cli/backend/usecase/buildclass.go:169.2,169.18 1 1
github.com/drayanaindra/saki-cli/backend/usecase/buildclass.go:175.52,176.17 1 1
github.com/drayanaindra/saki-cli/backend/usecase/buildclass.go:176.17,178.3 1 1
github.com/drayanaindra/saki-cli/backend/usecase/buildclass.go:179.2,180.14 2 1
github.com/drayanaindra/saki-cli/backend/usecase/buildclass.go:180.14,182.3 1 1
github.com/drayanaindra/saki-cli/backend/usecase/buildclass.go:183.2,189.57 2 1
github.com/drayanaindra/saki-cli/backend/usecase/buildclass.go:189.57,194.3 2 1
github.com/drayanaindra/saki-cli/backend/usecase/buildclass.go:195.2,196.20 2 1
github.com/drayanaindra/saki-cli/backend/usecase/buildclass.go:196.20,198.3 1 0
github.com/drayanaindra/saki-cli/backend/usecase/buildclass.go:199.2,200.24 2 1
github.com/drayanaindra/saki-cli/backend/usecase/buildclass.go:200.24,202.3 1 0
github.com/drayanaindra/saki-cli/backend/usecase/buildclass.go:204.2,205.30 2 1
github.com/drayanaindra/saki-cli/backend/usecase/buildclass.go:205.30,206.33 1 1
github.com/drayanaindra/saki-cli/backend/usecase/buildclass.go:206.33,208.4 1 1
github.com/drayanaindra/saki-cli/backend/usecase/buildclass.go:210.2,210.92 1 1
github.com/drayanaindra/saki-cli/backend/usecase/buildclass.go:223.98,224.21 1 1
github.com/drayanaindra/saki-cli/backend/usecase/buildclass.go:224.21,226.3 1 1
github.com/drayanaindra/saki-cli/backend/usecase/buildclass.go:227.2,227.40 1 1
github.com/drayanaindra/saki-cli/backend/usecase/buildclass.go:227.40,229.3 1 1
github.com/drayanaindra/saki-cli/backend/usecase/buildclass.go:230.2,231.37 2 1
github.com/drayanaindra/saki-cli/backend/usecase/buildclass.go:231.37,233.3 1 1
github.com/drayanaindra/saki-cli/backend/usecase/buildclass.go:234.2,234.65 1 1
github.com/drayanaindra/saki-cli/backend/usecase/buildclass.go:234.65,236.3 1 1
github.com/drayanaindra/saki-cli/backend/usecase/buildclass.go:237.2,237.42 1 1
github.com/drayanaindra/saki-cli/backend/usecase/buildclass.go:237.42,239.3 1 1
github.com/drayanaindra/saki-cli/backend/usecase/buildclass.go:240.2,240.105 1 1
github.com/drayanaindra/saki-cli/backend/usecase/buildclass.go:240.105,242.3 1 1
github.com/drayanaindra/saki-cli/backend/usecase/buildclass.go:243.2,243.25 1 1
github.com/drayanaindra/saki-cli/backend/usecase/buildclass.go:266.47,268.26 2 1
github.com/drayanaindra/saki-cli/backend/usecase/buildclass.go:268.26,269.22 1 1
github.com/drayanaindra/saki-cli/backend/usecase/buildclass.go:269.22,271.4 1 1
github.com/drayanaindra/saki-cli/backend/usecase/buildclass.go:273.2,273.51 1 1
github.com/drayanaindra/saki-cli/backend/usecase/buildclass.go:273.51,275.3 1 1
github.com/drayanaindra/saki-cli/backend/usecase/buildclass.go:276.2,276.34 1 1
github.com/drayanaindra/saki-cli/backend/usecase/buildclass.go:281.62,283.35 2 1
github.com/drayanaindra/saki-cli/backend/usecase/buildclass.go:283.35,285.3 1 1
github.com/drayanaindra/saki-cli/backend/usecase/buildclass.go:286.2,286.36 1 1
github.com/drayanaindra/saki-cli/backend/usecase/buildclass.go:286.36,288.3 1 1
github.com/drayanaindra/saki-cli/backend/usecase/buildclass.go:289.2,289.12 1 1
github.com/drayanaindra/saki-cli/backend/usecase/buildclass.go:295.50,297.14 2 1
github.com/drayanaindra/saki-cli/backend/usecase/buildclass.go:297.14,299.3 1 1
github.com/drayanaindra/saki-cli/backend/usecase/buildclass.go:300.2,302.16 3 1
github.com/drayanaindra/saki-cli/backend/usecase/buildclass.go:302.16,304.3 1 1
github.com/drayanaindra/saki-cli/backend/usecase/buildclass.go:305.2,305.31 1 1
github.com/drayanaindra/saki-cli/backend/usecase/buildclass.go:306.12,307.16 1 1
github.com/drayanaindra/saki-cli/backend/usecase/buildclass.go:307.16,309.4 1 1
github.com/drayanaindra/saki-cli/backend/usecase/buildclass.go:310.12,311.17 1 0
github.com/drayanaindra/saki-cli/backend/usecase/buildclass.go:311.17,313.4 1 0
github.com/drayanaindra/saki-cli/backend/usecase/buildclass.go:315.2,315.30 1 1
github.com/drayanaindra/saki-cli/backend/usecase/buildclass.go:315.30,317.3 1 0
github.com/drayanaindra/saki-cli/backend/usecase/buildclass.go:318.2,320.31 3 1
github.com/drayanaindra/saki-cli/backend/usecase/buildclass.go:320.31,322.3 1 0
github.com/drayanaindra/saki-cli/backend/usecase/buildclass.go:323.2,324.11 2 1
github.com/drayanaindra/saki-cli/backend/usecase/buildclass.go:330.46,332.2 1 1
github.com/drayanaindra/saki-cli/backend/usecase/buildclass.go:337.48,338.39 1 1
github.com/drayanaindra/saki-cli/backend/usecase/buildclass.go:338.39,340.54 2 1
github.com/drayanaindra/saki-cli/backend/usecase/buildclass.go:340.54,342.4 1 1
github.com/drayanaindra/saki-cli/backend/usecase/buildclass.go:344.2,344.11 1 1
github.com/drayanaindra/saki-cli/backend/usecase/buildengine.go:42.39,53.2 1 1
github.com/drayanaindra/saki-cli/backend/usecase/buildengine.go:57.50,59.13 2 1
github.com/drayanaindra/saki-cli/backend/usecase/buildengine.go:59.13,61.3 1 1
github.com/drayanaindra/saki-cli/backend/usecase/buildengine.go:62.2,63.25 2 1
github.com/drayanaindra/saki-cli/backend/usecase/buildengine.go:63.25,65.3 1 1
github.com/drayanaindra/saki-cli/backend/usecase/buildengine.go:66.2,66.10 1 1
github.com/drayanaindra/saki-cli/backend/usecase/buildengine.go:104.245,105.24 1 1
github.com/drayanaindra/saki-cli/backend/usecase/buildengine.go:105.24,106.42 1 1
github.com/drayanaindra/saki-cli/backend/usecase/buildengine.go:106.42,106.56 1 1
github.com/drayanaindra/saki-cli/backend/usecase/buildengine.go:108.2,112.3 1 1
github.com/drayanaindra/saki-cli/backend/usecase/buildengine.go:124.80,125.22 1 1
github.com/drayanaindra/saki-cli/backend/usecase/buildengine.go:125.22,127.3 1 0
github.com/drayanaindra/saki-cli/backend/usecase/buildengine.go:131.2,131.31 1 1
github.com/drayanaindra/saki-cli/backend/usecase/buildengine.go:131.31,132.60 1 1
github.com/drayanaindra/saki-cli/backend/usecase/buildengine.go:132.60,134.4 1 1
github.com/drayanaindra/saki-cli/backend/usecase/buildengine.go:136.2,139.45 4 1
github.com/drayanaindra/saki-cli/backend/usecase/buildengine.go:139.45,141.3 1 1
github.com/drayanaindra/saki-cli/backend/usecase/buildengine.go:142.2,142.21 1 1
github.com/drayanaindra/saki-cli/backend/usecase/buildengine.go:147.72,151.9 4 1
github.com/drayanaindra/saki-cli/backend/usecase/buildengine.go:151.9,153.3 1 1
github.com/drayanaindra/saki-cli/backend/usecase/buildengine.go:154.2,154.24 1 1
github.com/drayanaindra/saki-cli/backend/usecase/buildengine.go:157.57,161.2 3 1
github.com/drayanaindra/saki-cli/backend/usecase/buildengine.go:176.69,185.2 3 1
github.com/drayanaindra/saki-cli/backend/usecase/buildengine.go:191.110,192.51 1 1
github.com/drayanaindra/saki-cli/backend/usecase/buildengine.go:192.51,194.3 1 0
github.com/drayanaindra/saki-cli/backend/usecase/buildengine.go:195.2,195.75 1 1
github.com/drayanaindra/saki-cli/backend/usecase/buildengine.go:195.75,196.50 1 1
github.com/drayanaindra/saki-cli/backend/usecase/buildengine.go:196.50,198.4 1 1
github.com/drayanaindra/saki-cli/backend/usecase/buildengine.go:199.3,199.55 1 0
github.com/drayanaindra/saki-cli/backend/usecase/buildengine.go:201.2,201.45 1 1
github.com/drayanaindra/saki-cli/backend/usecase/buildengine.go:201.45,204.3 2 0
github.com/drayanaindra/saki-cli/backend/usecase/buildengine.go:205.2,206.16 2 1
github.com/drayanaindra/saki-cli/backend/usecase/buildengine.go:206.16,209.3 2 1
github.com/drayanaindra/saki-cli/backend/usecase/buildengine.go:210.2,213.12 4 1
github.com/drayanaindra/saki-cli/backend/usecase/buildengine.go:213.12,213.40 1 1
github.com/drayanaindra/saki-cli/backend/usecase/buildengine.go:214.2,214.31 1 1
github.com/drayanaindra/saki-cli/backend/usecase/buildengine.go:220.58,221.33 1 1
github.com/drayanaindra/saki-cli/backend/usecase/buildengine.go:221.33,223.3 1 1
github.com/drayanaindra/saki-cli/backend/usecase/buildengine.go:224.2,225.9 2 1
github.com/drayanaindra/saki-cli/backend/usecase/buildengine.go:225.9,227.3 1 0
github.com/drayanaindra/saki-cli/backend/usecase/buildengine.go:228.2,230.23 3 1
github.com/drayanaindra/saki-cli/backend/usecase/buildengine.go:230.23,232.3 1 0
github.com/drayanaindra/saki-cli/backend/usecase/buildengine.go:233.2,233.29 1 1
github.com/drayanaindra/saki-cli/backend/usecase/buildengine.go:238.87,241.52 3 1
github.com/drayanaindra/saki-cli/backend/usecase/buildengine.go:241.52,243.3 1 1
github.com/drayanaindra/saki-cli/backend/usecase/buildengine.go:253.86,254.84 1 1
github.com/drayanaindra/saki-cli/backend/usecase/buildengine.go:254.84,256.3 1 1
github.com/drayanaindra/saki-cli/backend/usecase/buildengine.go:257.2,257.46 1 1
github.com/drayanaindra/saki-cli/backend/usecase/buildengine.go:257.46,259.3 1 1
github.com/drayanaindra/saki-cli/backend/usecase/buildengine.go:260.2,262.45 3 1
github.com/drayanaindra/saki-cli/backend/usecase/buildengine.go:262.45,263.24 1 1
github.com/drayanaindra/saki-cli/backend/usecase/buildengine.go:263.24,266.4 2 1
github.com/drayanaindra/saki-cli/backend/usecase/buildengine.go:268.2,268.13 1 1
github.com/drayanaindra/saki-cli/backend/usecase/buildengine.go:268.13,270.3 1 1
github.com/drayanaindra/saki-cli/backend/usecase/buildengine.go:271.2,274.12 4 1
github.com/drayanaindra/saki-cli/backend/usecase/buildengine.go:274.12,276.3 1 1
github.com/drayanaindra/saki-cli/backend/usecase/buildengine.go:280.42,281.9 1 1
github.com/drayanaindra/saki-cli/backend/usecase/buildengine.go:282.12,284.19 2 1
github.com/drayanaindra/saki-cli/backend/usecase/buildengine.go:284.19,286.4 1 1
github.com/drayanaindra/saki-cli/backend/usecase/buildengine.go:287.3,287.47 1 1
github.com/drayanaindra/saki-cli/backend/usecase/buildengine.go:288.23,289.38 1 1
github.com/drayanaindra/saki-cli/backend/usecase/buildengine.go:290.10,292.16 2 1
github.com/drayanaindra/saki-cli/backend/usecase/buildengine.go:292.16,294.4 1 0
github.com/drayanaindra/saki-cli/backend/usecase/buildengine.go:295.3,295.31 1 1
github.com/drayanaindra/saki-cli/backend/usecase/buildengine.go:312.120,313.52 1 1
github.com/drayanaindra/saki-cli/backend/usecase/buildengine.go:314.24,314.24 0 1
github.com/drayanaindra/saki-cli/backend/usecase/buildengine.go:316.19,318.13 2 0
github.com/drayanaindra/saki-cli/backend/usecase/buildengine.go:319.23,321.13 2 1
github.com/drayanaindra/saki-cli/backend/usecase/buildengine.go:322.10,323.13 1 1
github.com/drayanaindra/saki-cli/backend/usecase/buildengine.go:326.2,326.46 1 1
github.com/drayanaindra/saki-cli/backend/usecase/buildengine.go:326.46,329.3 2 1
github.com/drayanaindra/saki-cli/backend/usecase/buildengine.go:334.2,334.62 1 1
github.com/drayanaindra/saki-cli/backend/usecase/buildengine.go:334.62,335.33 1 1
github.com/drayanaindra/saki-cli/backend/usecase/buildengine.go:335.33,338.4 2 1
github.com/drayanaindra/saki-cli/backend/usecase/buildengine.go:339.3,341.27 3 1
github.com/drayanaindra/saki-cli/backend/usecase/buildengine.go:341.27,343.4 1 0
github.com/drayanaindra/saki-cli/backend/usecase/buildengine.go:344.3,348.187 3 1
github.com/drayanaindra/saki-cli/backend/usecase/buildengine.go:351.2,351.57 1 1
github.com/drayanaindra/saki-cli/backend/usecase/buildengine.go:351.57,354.3 2 1
github.com/drayanaindra/saki-cli/backend/usecase/buildengine.go:357.2,362.9 6 1
github.com/drayanaindra/saki-cli/backend/usecase/buildengine.go:363.20,364.17 1 1
github.com/drayanaindra/saki-cli/backend/usecase/buildengine.go:365.18,366.40 1 1
github.com/drayanaindra/saki-cli/backend/usecase/buildengine.go:368.2,368.41 1 1
github.com/drayanaindra/saki-cli/backend/usecase/buildengine.go:368.41,371.3 2 1
github.com/drayanaindra/saki-cli/backend/usecase/buildengine.go:372.2,373.19 2 1
github.com/drayanaindra/saki-cli/backend/usecase/buildengine.go:373.19,375.3 1 1
github.com/drayanaindra/saki-cli/backend/usecase/buildengine.go:376.2,378.166 3 1
github.com/drayanaindra/saki-cli/backend/usecase/buildengine.go:384.60,386.14 2 1
github.com/drayanaindra/saki-cli/backend/usecase/buildengine.go:386.14,388.3 1 1
github.com/drayanaindra/saki-cli/backend/usecase/buildengine.go:389.2,389.19 1 1
github.com/drayanaindra/saki-cli/backend/usecase/buildengine.go:389.19,391.3 1 1
github.com/drayanaindra/saki-cli/backend/usecase/buildengine.go:392.2,392.10 1 1
github.com/drayanaindra/saki-cli/backend/usecase/buildengine.go:396.49,398.30 2 1
github.com/drayanaindra/saki-cli/backend/usecase/buildengine.go:398.30,400.15 2 1
github.com/drayanaindra/saki-cli/backend/usecase/buildengine.go:400.15,402.4 1 1
github.com/drayanaindra/saki-cli/backend/usecase/buildengine.go:404.2,404.13 1 1
github.com/drayanaindra/saki-cli/backend/usecase/buildengine.go:404.13,406.3 1 0
github.com/drayanaindra/saki-cli/backend/usecase/buildengine.go:407.2,407.10 1 1
github.com/drayanaindra/saki-cli/backend/usecase/buildengine.go:415.79,421.45 3 1
github.com/drayanaindra/saki-cli/backend/usecase/buildengine.go:421.45,422.22 1 1
github.com/drayanaindra/saki-cli/backend/usecase/buildengine.go:422.22,424.4 1 1
github.com/drayanaindra/saki-cli/backend/usecase/buildengine.go:425.3,426.15 2 1
github.com/drayanaindra/saki-cli/backend/usecase/buildengine.go:428.2,428.12 1 1
github.com/drayanaindra/saki-cli/backend/usecase/buildengine.go:428.12,430.3 1 1
github.com/drayanaindra/saki-cli/backend/usecase/buildengine.go:431.2,432.28 2 1
github.com/drayanaindra/saki-cli/backend/usecase/buildengine.go:432.28,432.59 1 0
github.com/drayanaindra/saki-cli/backend/usecase/buildengine.go:439.59,442.41 3 1
github.com/drayanaindra/saki-cli/backend/usecase/buildengine.go:442.41,443.29 1 1
github.com/drayanaindra/saki-cli/backend/usecase/buildengine.go:443.29,446.4 2 1
github.com/drayanaindra/saki-cli/backend/usecase/buildengine.go:448.2,448.10 1 1
github.com/drayanaindra/saki-cli/backend/usecase/buildengine.go:448.10,450.3 1 1
github.com/drayanaindra/saki-cli/backend/usecase/buildengine.go:451.2,453.9 3 1
github.com/drayanaindra/saki-cli/backend/usecase/buildengine.go:453.9,455.3 1 0
github.com/drayanaindra/saki-cli/backend/usecase/buildengine.go:456.2,456.24 1 1
github.com/drayanaindra/saki-cli/backend/usecase/buildengine.go:456.24,458.3 1 1
github.com/drayanaindra/saki-cli/backend/usecase/buildengine.go:459.2,462.16 4 1
github.com/drayanaindra/saki-cli/backend/usecase/buildengine.go:462.16,465.3 2 1
github.com/drayanaindra/saki-cli/backend/usecase/buildengine.go:466.2,466.11 1 1
github.com/drayanaindra/saki-cli/backend/usecase/buildengine.go:472.97,473.44 1 1
github.com/drayanaindra/saki-cli/backend/usecase/buildengine.go:473.44,479.3 3 1
github.com/drayanaindra/saki-cli/backend/usecase/buildengine.go:480.2,481.45 2 1
github.com/drayanaindra/saki-cli/backend/usecase/buildengine.go:481.45,482.34 1 1
github.com/drayanaindra/saki-cli/backend/usecase/buildengine.go:482.34,487.4 4 1
github.com/drayanaindra/saki-cli/backend/usecase/buildengine.go:489.2,489.33 1 1
github.com/drayanaindra/saki-cli/backend/usecase/buildengine.go:489.33,491.3 1 1
github.com/drayanaindra/saki-cli/backend/usecase/buildengine.go:491.8,493.3 1 1
github.com/drayanaindra/saki-cli/backend/usecase/buildengine.go:494.2,494.21 1 1
github.com/drayanaindra/saki-cli/backend/usecase/buildengine.go:501.38,504.2 2 1
github.com/drayanaindra/saki-cli/backend/usecase/buildengine.go:508.52,510.35 2 1
github.com/drayanaindra/saki-cli/backend/usecase/buildengine.go:510.35,511.64 1 1
github.com/drayanaindra/saki-cli/backend/usecase/buildengine.go:511.64,513.4 1 1
github.com/drayanaindra/saki-cli/backend/usecase/buildengine.go:531.108,533.16 2 1
github.com/drayanaindra/saki-cli/backend/usecase/buildengine.go:533.16,536.3 2 0
github.com/drayanaindra/saki-cli/backend/usecase/buildengine.go:537.2,538.26 2 1
github.com/drayanaindra/saki-cli/backend/usecase/buildengine.go:538.26,540.29 2 1
github.com/drayanaindra/saki-cli/backend/usecase/buildengine.go:540.29,541.12 1 0
github.com/drayanaindra/saki-cli/backend/usecase/buildengine.go:547.3,547.56 1 1
github.com/drayanaindra/saki-cli/backend/usecase/buildengine.go:547.56,549.4 1 1
github.com/drayanaindra/saki-cli/backend/usecase/buildengine.go:550.3,550.41 1 1
github.com/drayanaindra/saki-cli/backend/usecase/buildengine.go:550.41,551.12 1 1
github.com/drayanaindra/saki-cli/backend/usecase/buildengine.go:555.3,555.46 1 1
github.com/drayanaindra/saki-cli/backend/usecase/buildengine.go:555.46,555.111 2 1
github.com/drayanaindra/saki-cli/backend/usecase/buildengine.go:556.3,556.10 1 1
github.com/drayanaindra/saki-cli/backend/usecase/buildengine.go:557.19,559.26 2 1
github.com/drayanaindra/saki-cli/backend/usecase/buildengine.go:559.26,561.5 1 1
github.com/drayanaindra/saki-cli/backend/usecase/buildengine.go:562.4,562.98 1 1
github.com/drayanaindra/saki-cli/backend/usecase/buildengine.go:563.20,564.56 1 1
github.com/drayanaindra/saki-cli/backend/usecase/buildengine.go:565.11,566.86 1 1
github.com/drayanaindra/saki-cli/backend/usecase/buildengine.go:576.95,577.33 1 1
github.com/drayanaindra/saki-cli/backend/usecase/buildengine.go:577.33,579.3 1 0
github.com/drayanaindra/saki-cli/backend/usecase/buildengine.go:580.2,581.9 2 1
github.com/drayanaindra/saki-cli/backend/usecase/buildengine.go:581.9,583.3 1 0
github.com/drayanaindra/saki-cli/backend/usecase/buildengine.go:584.2,585.29 2 1
github.com/drayanaindra/saki-cli/backend/usecase/buildengine.go:594.110,602.25 4 1
github.com/drayanaindra/saki-cli/backend/usecase/buildengine.go:602.25,604.3 1 0
github.com/drayanaindra/saki-cli/backend/usecase/buildengine.go:605.2,606.6 2 1
github.com/drayanaindra/saki-cli/backend/usecase/buildengine.go:606.6,607.10 1 1
github.com/drayanaindra/saki-cli/backend/usecase/buildengine.go:608.21,609.10 1 1
github.com/drayanaindra/saki-cli/backend/usecase/buildengine.go:610.17,613.30 1 0
github.com/drayanaindra/saki-cli/backend/usecase/buildengine.go:613.30,615.5 1 0
github.com/drayanaindra/saki-cli/backend/usecase/buildengine.go:616.4,617.10 2 0
github.com/drayanaindra/saki-cli/backend/usecase/buildengine.go:618.14,618.14 0 1
github.com/drayanaindra/saki-cli/backend/usecase/buildengine.go:620.3,621.48 2 1
github.com/drayanaindra/saki-cli/backend/usecase/buildengine.go:621.48,623.4 1 0
github.com/drayanaindra/saki-cli/backend/usecase/buildengine.go:624.3,625.10 2 1
github.com/drayanaindra/saki-cli/backend/usecase/buildengine.go:626.16,628.19 2 1
github.com/drayanaindra/saki-cli/backend/usecase/buildengine.go:628.19,630.5 1 1
github.com/drayanaindra/saki-cli/backend/usecase/buildengine.go:631.4,632.10 2 1
github.com/drayanaindra/saki-cli/backend/usecase/buildengine.go:633.15,635.10 2 0
github.com/drayanaindra/saki-cli/backend/usecase/buildengine.go:649.44,650.24 1 1
github.com/drayanaindra/saki-cli/backend/usecase/buildengine.go:650.24,652.3 1 1
github.com/drayanaindra/saki-cli/backend/usecase/buildengine.go:653.2,654.37 2 1
github.com/drayanaindra/saki-cli/backend/usecase/buildengine.go:654.37,656.3 1 1
github.com/drayanaindra/saki-cli/backend/usecase/buildengine.go:661.66,662.66 1 1
github.com/drayanaindra/saki-cli/backend/usecase/buildengine.go:662.66,664.3 1 1
github.com/drayanaindra/saki-cli/backend/usecase/buildengine.go:665.2,665.66 1 1
github.com/drayanaindra/saki-cli/backend/usecase/buildengine.go:665.66,667.3 1 1
github.com/drayanaindra/saki-cli/backend/usecase/buildengine.go:671.2,671.59 1 1
github.com/drayanaindra/saki-cli/backend/usecase/buildengine.go:671.59,672.46 1 1
github.com/drayanaindra/saki-cli/backend/usecase/buildengine.go:672.46,672.117 3 1
github.com/drayanaindra/saki-cli/backend/usecase/buildengine.go:673.3,673.9 1 1
github.com/drayanaindra/saki-cli/backend/usecase/buildengine.go:675.2,675.30 1 1
github.com/drayanaindra/saki-cli/backend/usecase/buildengine.go:675.30,677.51 1 1
github.com/drayanaindra/saki-cli/backend/usecase/buildengine.go:677.51,679.4 1 0
github.com/drayanaindra/saki-cli/backend/usecase/buildengine.go:680.3,681.46 2 1
github.com/drayanaindra/saki-cli/backend/usecase/buildengine.go:681.46,681.70 1 1
github.com/drayanaindra/saki-cli/backend/usecase/buildengine.go:682.3,683.9 2 1
github.com/drayanaindra/saki-cli/backend/usecase/buildengine.go:685.2,685.44 1 1
github.com/drayanaindra/saki-cli/backend/usecase/buildengine.go:685.44,687.3 1 0
github.com/drayanaindra/saki-cli/backend/usecase/buildengine.go:688.2,689.45 2 1
github.com/drayanaindra/saki-cli/backend/usecase/buildengine.go:689.45,689.69 1 1
github.com/drayanaindra/saki-cli/backend/usecase/buildengine.go:690.2,691.36 2 1
github.com/drayanaindra/saki-cli/backend/usecase/buildengine.go:698.51,700.9 2 1
github.com/drayanaindra/saki-cli/backend/usecase/buildengine.go:700.9,702.3 1 0
github.com/drayanaindra/saki-cli/backend/usecase/buildengine.go:703.2,703.40 1 1
github.com/drayanaindra/saki-cli/backend/usecase/buildengine.go:703.40,707.42 1 1
github.com/drayanaindra/saki-cli/backend/usecase/buildengine.go:707.42,707.91 2 1
github.com/drayanaindra/saki-cli/backend/usecase/buildengine.go:708.3,708.37 1 1
github.com/drayanaindra/saki-cli/backend/usecase/buildengine.go:708.37,710.4 1 1
github.com/drayanaindra/saki-cli/backend/usecase/buildengine.go:711.3,713.14 3 1
github.com/drayanaindra/saki-cli/backend/usecase/buildengine.go:715.2,715.30 1 1
github.com/drayanaindra/saki-cli/backend/usecase/buildengine.go:715.30,716.42 1 1
github.com/drayanaindra/saki-cli/backend/usecase/buildengine.go:716.42,716.91 2 1
github.com/drayanaindra/saki-cli/backend/usecase/buildengine.go:717.3,719.14 3 1
github.com/drayanaindra/saki-cli/backend/usecase/buildengine.go:721.2,721.14 1 0
github.com/drayanaindra/saki-cli/backend/usecase/buildengine.go:727.58,728.54 1 1
github.com/drayanaindra/saki-cli/backend/usecase/buildengine.go:728.54,730.3 1 0
github.com/drayanaindra/saki-cli/backend/usecase/buildengine.go:733.51,734.36 1 1
github.com/drayanaindra/saki-cli/backend/usecase/buildengine.go:734.36,736.3 1 1
github.com/drayanaindra/saki-cli/backend/usecase/buildengine.go:739.42,740.17 1 1
github.com/drayanaindra/saki-cli/backend/usecase/buildengine.go:740.17,742.3 1 0
github.com/drayanaindra/saki-cli/backend/usecase/buildengine.go:743.2,743.21 1 1
github.com/drayanaindra/saki-cli/backend/usecase/buildengine.go:746.44,747.21 1 1
github.com/drayanaindra/saki-cli/backend/usecase/buildengine.go:747.21,749.3 1 0
github.com/drayanaindra/saki-cli/backend/usecase/buildengine.go:750.2,750.22 1 1
github.com/drayanaindra/saki-cli/backend/usecase/doctor.go:34.58,36.2 1 1
github.com/drayanaindra/saki-cli/backend/usecase/doctor.go:42.71,45.39 3 1
github.com/drayanaindra/saki-cli/backend/usecase/doctor.go:45.39,47.3 1 1
github.com/drayanaindra/saki-cli/backend/usecase/doctor.go:48.2,48.16 1 1
github.com/drayanaindra/saki-cli/backend/usecase/doctor.go:51.113,53.53 2 1
github.com/drayanaindra/saki-cli/backend/usecase/doctor.go:53.53,56.3 2 1
github.com/drayanaindra/saki-cli/backend/usecase/doctor.go:57.2,57.65 1 1
github.com/drayanaindra/saki-cli/backend/usecase/doctor.go:57.65,60.3 2 1
github.com/drayanaindra/saki-cli/backend/usecase/doctor.go:61.2,61.15 1 1
github.com/drayanaindra/saki-cli/backend/usecase/doctor.go:64.45,65.42 1 1
github.com/drayanaindra/saki-cli/backend/usecase/doctor.go:65.42,67.3 1 1
github.com/drayanaindra/saki-cli/backend/usecase/doctor.go:68.2,68.18 1 1
github.com/drayanaindra/saki-cli/backend/usecase/envstate.go:21.56,23.2 1 1
github.com/drayanaindra/saki-cli/backend/usecase/envstate.go:26.63,28.2 1 1
github.com/drayanaindra/saki-cli/backend/usecase/gitwrite.go:14.41,14.57 1 0
github.com/drayanaindra/saki-cli/backend/usecase/gitwrite.go:31.54,31.86 1 1
github.com/drayanaindra/saki-cli/backend/usecase/gitwrite.go:35.68,36.16 1 1
github.com/drayanaindra/saki-cli/backend/usecase/gitwrite.go:36.16,38.3 1 1
github.com/drayanaindra/saki-cli/backend/usecase/gitwrite.go:39.2,39.32 1 1
github.com/drayanaindra/saki-cli/backend/usecase/gitwrite.go:46.98,47.32 1 1
github.com/drayanaindra/saki-cli/backend/usecase/gitwrite.go:47.32,49.3 1 1
github.com/drayanaindra/saki-cli/backend/usecase/gitwrite.go:50.2,50.12 1 1
github.com/drayanaindra/saki-cli/backend/usecase/gitwrite.go:50.12,51.59 1 1
github.com/drayanaindra/saki-cli/backend/usecase/gitwrite.go:51.59,53.4 1 1
github.com/drayanaindra/saki-cli/backend/usecase/gitwrite.go:55.2,56.65 2 1
github.com/drayanaindra/saki-cli/backend/usecase/gitwrite.go:72.68,73.16 1 1
github.com/drayanaindra/saki-cli/backend/usecase/gitwrite.go:73.16,75.3 1 1
github.com/drayanaindra/saki-cli/backend/usecase/gitwrite.go:76.2,76.34 1 1
github.com/drayanaindra/saki-cli/backend/usecase/gitwrite.go:76.34,78.3 1 1
github.com/drayanaindra/saki-cli/backend/usecase/gitwrite.go:79.2,80.18 2 1
github.com/drayanaindra/saki-cli/backend/usecase/gitwrite.go:80.18,82.3 1 1
github.com/drayanaindra/saki-cli/backend/usecase/gitwrite.go:83.2,84.18 2 1
github.com/drayanaindra/saki-cli/backend/usecase/gitwrite.go:84.18,86.3 1 1
github.com/drayanaindra/saki-cli/backend/usecase/gitwrite.go:87.2,87.22 1 1
github.com/drayanaindra/saki-cli/backend/usecase/gitwrite.go:87.22,89.3 1 1
github.com/drayanaindra/saki-cli/backend/usecase/gitwrite.go:90.2,91.18 2 1
github.com/drayanaindra/saki-cli/backend/usecase/gitwrite.go:91.18,93.3 1 1
github.com/drayanaindra/saki-cli/backend/usecase/gitwrite.go:94.2,94.42 1 1
github.com/drayanaindra/saki-cli/backend/usecase/gitwrite.go:109.45,110.50 1 1
github.com/drayanaindra/saki-cli/backend/usecase/gitwrite.go:110.50,111.28 1 1
github.com/drayanaindra/saki-cli/backend/usecase/gitwrite.go:111.28,112.17 1 1
github.com/drayanaindra/saki-cli/backend/usecase/gitwrite.go:112.17,114.5 1 1
github.com/drayanaindra/saki-cli/backend/usecase/gitwrite.go:117.2,117.11 1 1
github.com/drayanaindra/saki-cli/backend/usecase/gitwrite.go:125.74,126.16 1 1
github.com/drayanaindra/saki-cli/backend/usecase/gitwrite.go:126.16,128.3 1 1
github.com/drayanaindra/saki-cli/backend/usecase/gitwrite.go:130.2,131.18 2 1
github.com/drayanaindra/saki-cli/backend/usecase/gitwrite.go:131.18,133.3 1 1
github.com/drayanaindra/saki-cli/backend/usecase/gitwrite.go:134.2,136.18 3 1
github.com/drayanaindra/saki-cli/backend/usecase/gitwrite.go:136.18,138.3 1 1
github.com/drayanaindra/saki-cli/backend/usecase/gitwrite.go:139.2,139.22 1 1
github.com/drayanaindra/saki-cli/backend/usecase/gitwrite.go:139.22,141.3 1 1
github.com/drayanaindra/saki-cli/backend/usecase/gitwrite.go:143.2,143.54 1 1
github.com/drayanaindra/saki-cli/backend/usecase/gitwrite.go:143.54,145.3 1 1
github.com/drayanaindra/saki-cli/backend/usecase/gitwrite.go:148.2,148.46 1 1
github.com/drayanaindra/saki-cli/backend/usecase/gitwrite.go:148.46,152.57 2 1
github.com/drayanaindra/saki-cli/backend/usecase/gitwrite.go:152.57,154.4 1 0
github.com/drayanaindra/saki-cli/backend/usecase/gitwrite.go:155.3,155.49 1 1
github.com/drayanaindra/saki-cli/backend/usecase/gitwrite.go:157.2,157.67 1 1
github.com/drayanaindra/saki-cli/backend/usecase/initenv.go:44.91,46.2 1 1
github.com/drayanaindra/saki-cli/backend/usecase/initenv.go:67.79,69.20 2 1
github.com/drayanaindra/saki-cli/backend/usecase/initenv.go:69.20,71.3 1 1
github.com/drayanaindra/saki-cli/backend/usecase/initenv.go:72.2,73.39 2 1
github.com/drayanaindra/saki-cli/backend/usecase/initenv.go:73.39,78.3 4 1
github.com/drayanaindra/saki-cli/backend/usecase/initenv.go:80.2,80.77 1 1
github.com/drayanaindra/saki-cli/backend/usecase/initenv.go:80.77,83.3 2 0
github.com/drayanaindra/saki-cli/backend/usecase/initenv.go:86.2,86.57 1 1
github.com/drayanaindra/saki-cli/backend/usecase/initenv.go:86.57,89.3 2 1
github.com/drayanaindra/saki-cli/backend/usecase/initenv.go:91.2,94.59 3 1
github.com/drayanaindra/saki-cli/backend/usecase/initenv.go:94.59,96.3 1 1
github.com/drayanaindra/saki-cli/backend/usecase/initenv.go:97.2,99.71 3 1
github.com/drayanaindra/saki-cli/backend/usecase/initenv.go:99.71,102.3 2 1
github.com/drayanaindra/saki-cli/backend/usecase/initenv.go:103.2,103.22 1 1
github.com/drayanaindra/saki-cli/backend/usecase/initenv.go:110.57,114.2 3 1
github.com/drayanaindra/saki-cli/backend/usecase/initenv.go:124.94,125.47 1 1
github.com/drayanaindra/saki-cli/backend/usecase/initenv.go:125.47,127.3 1 0
github.com/drayanaindra/saki-cli/backend/usecase/initenv.go:128.2,128.64 1 1
github.com/drayanaindra/saki-cli/backend/usecase/initenv.go:128.64,130.3 1 1
github.com/drayanaindra/saki-cli/backend/usecase/initenv.go:131.2,131.32 1 1
github.com/drayanaindra/saki-cli/backend/usecase/initenv.go:131.32,133.3 1 0
github.com/drayanaindra/saki-cli/backend/usecase/initenv.go:134.2,134.46 1 1
github.com/drayanaindra/saki-cli/backend/usecase/initenv.go:134.46,135.36 1 1
github.com/drayanaindra/saki-cli/backend/usecase/initenv.go:135.36,137.4 1 1
github.com/drayanaindra/saki-cli/backend/usecase/initenv.go:138.3,139.25 2 1
github.com/drayanaindra/saki-cli/backend/usecase/initenv.go:140.8,142.3 1 1
github.com/drayanaindra/saki-cli/backend/usecase/initenv.go:143.2,143.26 1 1
github.com/drayanaindra/saki-cli/backend/usecase/initenv.go:146.50,147.16 1 1
github.com/drayanaindra/saki-cli/backend/usecase/initenv.go:148.70,149.14 1 1
github.com/drayanaindra/saki-cli/backend/usecase/initenv.go:150.10,151.15 1 0
github.com/drayanaindra/saki-cli/backend/usecase/initenv.go:161.60,173.2 1 1
github.com/drayanaindra/saki-cli/backend/usecase/initenv.go:177.55,178.16 1 1
github.com/drayanaindra/saki-cli/backend/usecase/initenv.go:179.26,180.25 1 1
github.com/drayanaindra/saki-cli/backend/usecase/initenv.go:181.29,182.28 1 1
github.com/drayanaindra/saki-cli/backend/usecase/initenv.go:183.10,184.12 1 1
github.com/drayanaindra/saki-cli/backend/usecase/initenv.go:188.38,189.27 1 1
github.com/drayanaindra/saki-cli/backend/usecase/initenv.go:189.27,190.17 1 1
github.com/drayanaindra/saki-cli/backend/usecase/initenv.go:190.17,192.4 1 1
github.com/drayanaindra/saki-cli/backend/usecase/initenv.go:194.2,194.12 1 0
github.com/drayanaindra/saki-cli/backend/usecase/initenv.go:205.36,207.2 1 1
github.com/drayanaindra/saki-cli/backend/usecase/initenv.go:209.77,210.14 1 1
github.com/drayanaindra/saki-cli/backend/usecase/initenv.go:210.14,211.17 1 0
github.com/drayanaindra/saki-cli/backend/usecase/initenv.go:211.18,211.19 0 0
github.com/drayanaindra/saki-cli/backend/usecase/initenv.go:213.2,216.9 4 1
github.com/drayanaindra/saki-cli/backend/usecase/initenv.go:216.9,219.3 2 1
github.com/drayanaindra/saki-cli/backend/usecase/initenv.go:220.2,222.17 3 1
github.com/drayanaindra/saki-cli/backend/usecase/initenv.go:225.70,228.2 2 1
github.com/drayanaindra/saki-cli/backend/usecase/initenv.go:230.67,231.38 1 1
github.com/drayanaindra/saki-cli/backend/usecase/initenv.go:231.38,233.17 2 1
github.com/drayanaindra/saki-cli/backend/usecase/initenv.go:234.27,235.39 1 1
github.com/drayanaindra/saki-cli/backend/usecase/initenv.go:236.30,237.42 1 1
github.com/drayanaindra/saki-cli/backend/usecase/initenv.go:238.11,239.15 1 0
github.com/drayanaindra/saki-cli/backend/usecase/initenv.go:242.2,243.16 2 1
github.com/drayanaindra/saki-cli/backend/usecase/initenv.go:243.16,245.3 1 0
github.com/drayanaindra/saki-cli/backend/usecase/initenv.go:246.2,246.16 1 1
github.com/drayanaindra/saki-cli/backend/usecase/initenv.go:247.26,248.39 1 1
github.com/drayanaindra/saki-cli/backend/usecase/initenv.go:249.29,250.52 1 1
github.com/drayanaindra/saki-cli/backend/usecase/initenv.go:251.10,252.50 1 0
github.com/drayanaindra/saki-cli/backend/usecase/initenv.go:278.50,280.27 2 1
github.com/drayanaindra/saki-cli/backend/usecase/initenv.go:280.27,282.3 1 1
github.com/drayanaindra/saki-cli/backend/usecase/initenv.go:283.2,283.34 1 1
github.com/drayanaindra/saki-cli/backend/usecase/lock.go:29.90,31.2 1 1
github.com/drayanaindra/saki-cli/backend/usecase/lock.go:36.62,38.11 2 1
github.com/drayanaindra/saki-cli/backend/usecase/lock.go:38.11,40.3 1 1
github.com/drayanaindra/saki-cli/backend/usecase/lock.go:41.2,42.9 2 1
github.com/drayanaindra/saki-cli/backend/usecase/lock.go:42.9,45.3 1 1
github.com/drayanaindra/saki-cli/backend/usecase/lock.go:46.2,46.30 1 1
github.com/drayanaindra/saki-cli/backend/usecase/lock.go:46.30,48.3 1 1
github.com/drayanaindra/saki-cli/backend/usecase/lock.go:49.2,52.60 4 1
github.com/drayanaindra/saki-cli/backend/usecase/lock.go:52.60,54.3 1 1
github.com/drayanaindra/saki-cli/backend/usecase/lock.go:55.2,55.70 1 1
github.com/drayanaindra/saki-cli/backend/usecase/ndjson.go:30.56,33.6 3 1
github.com/drayanaindra/saki-cli/backend/usecase/ndjson.go:33.6,35.15 2 1
github.com/drayanaindra/saki-cli/backend/usecase/ndjson.go:35.15,36.9 1 1
github.com/drayanaindra/saki-cli/backend/usecase/ndjson.go:38.3,40.36 3 1
github.com/drayanaindra/saki-cli/backend/usecase/ndjson.go:40.36,41.12 1 1
github.com/drayanaindra/saki-cli/backend/usecase/ndjson.go:43.3,43.37 1 1
github.com/drayanaindra/saki-cli/backend/usecase/ndjson.go:45.2,45.12 1 1
github.com/drayanaindra/saki-cli/backend/usecase/ndjson.go:49.45,52.35 3 1
github.com/drayanaindra/saki-cli/backend/usecase/ndjson.go:52.35,54.3 1 1
github.com/drayanaindra/saki-cli/backend/usecase/ndjson.go:55.2,55.38 1 1
github.com/drayanaindra/saki-cli/backend/usecase/ndjson.go:58.40,59.30 1 1
github.com/drayanaindra/saki-cli/backend/usecase/ndjson.go:59.30,61.3 1 1
github.com/drayanaindra/saki-cli/backend/usecase/ndjson.go:62.2,62.44 1 1
github.com/drayanaindra/saki-cli/backend/usecase/newproject.go:25.72,27.2 1 1
github.com/drayanaindra/saki-cli/backend/usecase/newproject.go:33.111,35.17 2 1
github.com/drayanaindra/saki-cli/backend/usecase/newproject.go:35.17,37.3 1 1
github.com/drayanaindra/saki-cli/backend/usecase/newproject.go:38.2,38.25 1 1
github.com/drayanaindra/saki-cli/backend/usecase/newproject.go:38.25,40.3 1 1
github.com/drayanaindra/saki-cli/backend/usecase/newproject.go:41.2,41.46 1 1
github.com/drayanaindra/saki-cli/backend/usecase/newproject.go:41.46,43.3 1 1
github.com/drayanaindra/saki-cli/backend/usecase/newproject.go:44.2,44.55 1 1
github.com/drayanaindra/saki-cli/backend/usecase/newproject.go:44.55,47.3 2 1
github.com/drayanaindra/saki-cli/backend/usecase/newproject.go:48.2,48.20 1 1
github.com/drayanaindra/saki-cli/backend/usecase/newproject.go:53.90,54.56 1 1
github.com/drayanaindra/saki-cli/backend/usecase/newproject.go:54.56,56.3 1 1
github.com/drayanaindra/saki-cli/backend/usecase/newproject.go:57.2,57.60 1 1
github.com/drayanaindra/saki-cli/backend/usecase/newproject.go:57.60,59.3 1 1
github.com/drayanaindra/saki-cli/backend/usecase/newproject.go:60.2,60.41 1 1
github.com/drayanaindra/saki-cli/backend/usecase/pickfolder.go:23.82,25.2 1 1
github.com/drayanaindra/saki-cli/backend/usecase/pickfolder.go:29.57,30.24 1 1
github.com/drayanaindra/saki-cli/backend/usecase/pickfolder.go:30.24,32.3 1 1
github.com/drayanaindra/saki-cli/backend/usecase/pickfolder.go:33.2,34.9 2 1
github.com/drayanaindra/saki-cli/backend/usecase/pickfolder.go:35.25,36.60 1 1
github.com/drayanaindra/saki-cli/backend/usecase/pickfolder.go:37.23,38.57 1 1
github.com/drayanaindra/saki-cli/backend/usecase/pickfolder.go:39.10,40.79 1 1
github.com/drayanaindra/saki-cli/backend/usecase/plantrack.go:23.79,25.2 1 1
github.com/drayanaindra/saki-cli/backend/usecase/plantrack.go:28.70,29.64 1 1
github.com/drayanaindra/saki-cli/backend/usecase/plantrack.go:29.64,29.109 1 1
github.com/drayanaindra/saki-cli/backend/usecase/plantrack.go:33.69,34.64 1 1
github.com/drayanaindra/saki-cli/backend/usecase/plantrack.go:34.64,34.108 1 1
github.com/drayanaindra/saki-cli/backend/usecase/plantrack.go:39.75,40.29 1 1
github.com/drayanaindra/saki-cli/backend/usecase/plantrack.go:40.29,41.31 1 1
github.com/drayanaindra/saki-cli/backend/usecase/plantrack.go:41.31,43.4 1 1
github.com/drayanaindra/saki-cli/backend/usecase/plantrack.go:44.3,44.16 1 1
github.com/drayanaindra/saki-cli/backend/usecase/plantrack.go:46.2,46.66 1 1
github.com/drayanaindra/saki-cli/backend/usecase/plantrack.go:46.66,46.116 1 1
github.com/drayanaindra/saki-cli/backend/usecase/plantrack.go:53.123,55.18 2 1
github.com/drayanaindra/saki-cli/backend/usecase/plantrack.go:55.18,57.3 1 1
github.com/drayanaindra/saki-cli/backend/usecase/plantrack.go:58.2,58.29 1 1
github.com/drayanaindra/saki-cli/backend/usecase/plantrack.go:58.29,60.3 1 1
github.com/drayanaindra/saki-cli/backend/usecase/plantrack.go:61.2,61.18 1 1
github.com/drayanaindra/saki-cli/backend/usecase/plantrack.go:61.18,62.43 1 1
github.com/drayanaindra/saki-cli/backend/usecase/plantrack.go:62.43,64.4 1 1
github.com/drayanaindra/saki-cli/backend/usecase/plantrack.go:66.2,66.36 1 1
github.com/drayanaindra/saki-cli/backend/usecase/plantrack.go:66.36,68.3 1 1
github.com/drayanaindra/saki-cli/backend/usecase/plantrack.go:69.2,70.9 2 1
github.com/drayanaindra/saki-cli/backend/usecase/plantrack.go:70.9,73.3 1 0
github.com/drayanaindra/saki-cli/backend/usecase/plantrack.go:74.2,75.13 2 1
github.com/drayanaindra/saki-cli/backend/usecase/plantrack.go:75.13,76.68 1 1
github.com/drayanaindra/saki-cli/backend/usecase/plantrack.go:76.68,78.4 1 1
github.com/drayanaindra/saki-cli/backend/usecase/plantrack.go:80.2,80.60 1 1
github.com/drayanaindra/saki-cli/backend/usecase/plantrack.go:85.42,86.39 1 1
github.com/drayanaindra/saki-cli/backend/usecase/plantrack.go:86.39,88.3 1 1
github.com/drayanaindra/saki-cli/backend/usecase/plantrack.go:89.2,89.43 1 1
github.com/drayanaindra/saki-cli/backend/usecase/plantrack.go:89.43,91.3 1 1
github.com/drayanaindra/saki-cli/backend/usecase/plantrack.go:92.2,92.29 1 1
github.com/drayanaindra/saki-cli/backend/usecase/prd.go:26.47,28.2 1 1
github.com/drayanaindra/saki-cli/backend/usecase/prd.go:33.58,34.16 1 1
github.com/drayanaindra/saki-cli/backend/usecase/prd.go:34.16,35.38 1 1
github.com/drayanaindra/saki-cli/backend/usecase/prd.go:35.38,37.4 1 1
github.com/drayanaindra/saki-cli/backend/usecase/prd.go:38.3,39.10 2 1
github.com/drayanaindra/saki-cli/backend/usecase/prd.go:39.10,41.4 1 1
github.com/drayanaindra/saki-cli/backend/usecase/prd.go:42.3,42.44 1 1
github.com/drayanaindra/saki-cli/backend/usecase/prd.go:44.2,44.15 1 1
github.com/drayanaindra/saki-cli/backend/usecase/prd.go:44.15,46.3 1 1
github.com/drayanaindra/saki-cli/backend/usecase/prd.go:47.2,48.16 2 1
github.com/drayanaindra/saki-cli/backend/usecase/prd.go:48.16,50.3 1 1
github.com/drayanaindra/saki-cli/backend/usecase/prd.go:51.2,52.9 2 1
github.com/drayanaindra/saki-cli/backend/usecase/prd.go:52.9,54.3 1 0
github.com/drayanaindra/saki-cli/backend/usecase/prd.go:55.2,55.43 1 1
github.com/drayanaindra/saki-cli/backend/usecase/prd.go:59.71,67.2 1 1
github.com/drayanaindra/saki-cli/backend/usecase/prd.go:71.56,72.16 1 1
github.com/drayanaindra/saki-cli/backend/usecase/prd.go:72.16,74.3 1 1
github.com/drayanaindra/saki-cli/backend/usecase/prd.go:75.2,75.37 1 1
github.com/drayanaindra/saki-cli/backend/usecase/prd.go:75.37,77.3 1 1
github.com/drayanaindra/saki-cli/backend/usecase/prd.go:78.2,80.9 3 1
github.com/drayanaindra/saki-cli/backend/usecase/prd.go:80.9,82.3 1 1
github.com/drayanaindra/saki-cli/backend/usecase/prd.go:83.2,83.75 1 1
github.com/drayanaindra/saki-cli/backend/usecase/prd.go:88.66,89.51 1 1
github.com/drayanaindra/saki-cli/backend/usecase/prd.go:89.51,91.3 1 1
github.com/drayanaindra/saki-cli/backend/usecase/prd.go:92.2,94.9 3 1
github.com/drayanaindra/saki-cli/backend/usecase/prd.go:94.9,96.3 1 1
github.com/drayanaindra/saki-cli/backend/usecase/prd.go:97.2,97.75 1 1
github.com/drayanaindra/saki-cli/backend/usecase/prd.go:103.54,106.46 3 1
github.com/drayanaindra/saki-cli/backend/usecase/prd.go:106.46,107.51 1 1
github.com/drayanaindra/saki-cli/backend/usecase/prd.go:107.51,108.12 1 1
github.com/drayanaindra/saki-cli/backend/usecase/prd.go:110.3,111.34 2 1
github.com/drayanaindra/saki-cli/backend/usecase/prd.go:111.34,114.4 2 1
github.com/drayanaindra/saki-cli/backend/usecase/prd.go:116.2,116.13 1 1
github.com/drayanaindra/saki-cli/backend/usecase/prd.go:131.67,132.15 1 1
github.com/drayanaindra/saki-cli/backend/usecase/prd.go:132.15,134.3 1 0
github.com/drayanaindra/saki-cli/backend/usecase/prd.go:135.2,136.35 2 1
github.com/drayanaindra/saki-cli/backend/usecase/prd.go:136.35,137.39 1 1
github.com/drayanaindra/saki-cli/backend/usecase/prd.go:137.39,139.4 1 1
github.com/drayanaindra/saki-cli/backend/usecase/prd.go:140.3,140.12 1 0
github.com/drayanaindra/saki-cli/backend/usecase/prd.go:143.2,146.61 2 1
github.com/drayanaindra/saki-cli/backend/usecase/prd.go:146.61,148.22 2 1
github.com/drayanaindra/saki-cli/backend/usecase/prd.go:148.22,150.4 1 1
github.com/drayanaindra/saki-cli/backend/usecase/prd.go:151.3,151.20 1 1
github.com/drayanaindra/saki-cli/backend/usecase/prd.go:155.2,155.39 1 1
github.com/drayanaindra/saki-cli/backend/usecase/prd.go:155.39,157.3 1 0
github.com/drayanaindra/saki-cli/backend/usecase/prd.go:158.2,159.31 2 1
github.com/drayanaindra/saki-cli/backend/usecase/prd.go:159.31,161.3 1 0
github.com/drayanaindra/saki-cli/backend/usecase/prd.go:165.2,166.40 2 1
github.com/drayanaindra/saki-cli/backend/usecase/prd.go:166.40,168.3 1 1
github.com/drayanaindra/saki-cli/backend/usecase/prd.go:171.2,171.69 1 1
github.com/drayanaindra/saki-cli/backend/usecase/prd.go:171.69,173.3 1 1
github.com/drayanaindra/saki-cli/backend/usecase/prd.go:176.2,177.18 2 1
github.com/drayanaindra/saki-cli/backend/usecase/prd.go:177.18,179.3 1 0
github.com/drayanaindra/saki-cli/backend/usecase/prd.go:180.2,180.54 1 1
github.com/drayanaindra/saki-cli/backend/usecase/prd.go:186.112,187.37 1 1
github.com/drayanaindra/saki-cli/backend/usecase/prd.go:187.37,189.21 2 1
github.com/drayanaindra/saki-cli/backend/usecase/prd.go:189.21,191.4 1 1
github.com/drayanaindra/saki-cli/backend/usecase/prd.go:193.2,193.18 1 1
github.com/drayanaindra/saki-cli/backend/usecase/prd.go:198.107,199.37 1 1
github.com/drayanaindra/saki-cli/backend/usecase/prd.go:199.37,200.45 1 1
github.com/drayanaindra/saki-cli/backend/usecase/prd.go:200.45,201.45 1 1
github.com/drayanaindra/saki-cli/backend/usecase/prd.go:201.45,202.13 1 0
github.com/drayanaindra/saki-cli/backend/usecase/prd.go:204.4,205.45 2 1
github.com/drayanaindra/saki-cli/backend/usecase/prd.go:205.45,206.13 1 0
github.com/drayanaindra/saki-cli/backend/usecase/prd.go:208.4,209.22 2 1
github.com/drayanaindra/saki-cli/backend/usecase/prd.go:209.22,211.5 1 1
github.com/drayanaindra/saki-cli/backend/usecase/prd.go:214.2,214.11 1 0
github.com/drayanaindra/saki-cli/backend/usecase/prd.go:218.31,219.13 1 1
github.com/drayanaindra/saki-cli/backend/usecase/prd.go:219.13,221.3 1 1
github.com/drayanaindra/saki-cli/backend/usecase/prd.go:222.2,222.10 1 1
github.com/drayanaindra/saki-cli/backend/usecase/profiles.go:30.60,32.2 1 1
github.com/drayanaindra/saki-cli/backend/usecase/profiles.go:36.43,39.16 3 1
github.com/drayanaindra/saki-cli/backend/usecase/profiles.go:39.16,41.3 1 1
github.com/drayanaindra/saki-cli/backend/usecase/profiles.go:42.2,43.44 2 1
github.com/drayanaindra/saki-cli/backend/usecase/profiles.go:43.44,44.40 1 1
github.com/drayanaindra/saki-cli/backend/usecase/profiles.go:44.40,45.12 1 1
github.com/drayanaindra/saki-cli/backend/usecase/profiles.go:47.3,48.98 2 1
github.com/drayanaindra/saki-cli/backend/usecase/profiles.go:50.2,50.17 1 1
github.com/drayanaindra/saki-cli/backend/usecase/protoasset.go:38.62,40.2 1 1
github.com/drayanaindra/saki-cli/backend/usecase/protoasset.go:45.64,47.17 2 1
github.com/drayanaindra/saki-cli/backend/usecase/protoasset.go:47.17,49.3 1 1
github.com/drayanaindra/saki-cli/backend/usecase/protoasset.go:50.2,50.23 1 1
github.com/drayanaindra/saki-cli/backend/usecase/protoasset.go:50.23,52.3 1 1
github.com/drayanaindra/saki-cli/backend/usecase/protoasset.go:53.2,54.16 2 1
github.com/drayanaindra/saki-cli/backend/usecase/protoasset.go:54.16,57.3 1 1
github.com/drayanaindra/saki-cli/backend/usecase/protoasset.go:58.2,58.69 1 1
github.com/drayanaindra/saki-cli/backend/usecase/reaper.go:25.109,26.15 1 1
github.com/drayanaindra/saki-cli/backend/usecase/reaper.go:26.15,28.3 1 0
github.com/drayanaindra/saki-cli/backend/usecase/reaper.go:29.2,29.104 1 1
github.com/drayanaindra/saki-cli/backend/usecase/reaper.go:35.58,36.35 1 1
github.com/drayanaindra/saki-cli/backend/usecase/reaper.go:36.35,40.45 1 1
github.com/drayanaindra/saki-cli/backend/usecase/reaper.go:40.45,41.12 1 0
github.com/drayanaindra/saki-cli/backend/usecase/reaper.go:43.3,43.39 1 1
github.com/drayanaindra/saki-cli/backend/usecase/reaper.go:43.39,45.4 1 1
github.com/drayanaindra/saki-cli/backend/usecase/reaper.go:49.71,53.6 4 1
github.com/drayanaindra/saki-cli/backend/usecase/reaper.go:53.6,54.10 1 1
github.com/drayanaindra/saki-cli/backend/usecase/reaper.go:55.21,56.10 1 0
github.com/drayanaindra/saki-cli/backend/usecase/reaper.go:57.17,60.10 3 1
github.com/drayanaindra/saki-cli/backend/usecase/reaper.go:61.14,61.14 0 1
github.com/drayanaindra/saki-cli/backend/usecase/reaper.go:63.3,64.48 2 1
github.com/drayanaindra/saki-cli/backend/usecase/reaper.go:64.48,66.4 1 0
github.com/drayanaindra/saki-cli/backend/usecase/reaper.go:67.3,68.10 2 1
github.com/drayanaindra/saki-cli/backend/usecase/reaper.go:69.16,71.19 2 1
github.com/drayanaindra/saki-cli/backend/usecase/reaper.go:71.19,73.5 1 1
github.com/drayanaindra/saki-cli/backend/usecase/reaper.go:74.4,76.10 3 1
github.com/drayanaindra/saki-cli/backend/usecase/reaper.go:77.15,80.10 3 1
github.com/drayanaindra/saki-cli/backend/usecase/reaper.go:85.45,86.36 1 1
github.com/drayanaindra/saki-cli/backend/usecase/reaper.go:86.36,88.3 1 1
github.com/drayanaindra/saki-cli/backend/usecase/rehydrate.go:12.67,14.16 2 1
github.com/drayanaindra/saki-cli/backend/usecase/rehydrate.go:14.16,16.3 1 0
github.com/drayanaindra/saki-cli/backend/usecase/rehydrate.go:17.2,17.26 1 1
github.com/drayanaindra/saki-cli/backend/usecase/rehydrate.go:17.26,22.49 2 1
github.com/drayanaindra/saki-cli/backend/usecase/rehydrate.go:22.49,24.12 2 0
github.com/drayanaindra/saki-cli/backend/usecase/rehydrate.go:26.3,26.10 1 1
github.com/drayanaindra/saki-cli/backend/usecase/rehydrate.go:27.43,27.43 0 1
github.com/drayanaindra/saki-cli/backend/usecase/rehydrate.go:29.19,31.26 2 1
github.com/drayanaindra/saki-cli/backend/usecase/rehydrate.go:31.26,33.5 1 1
github.com/drayanaindra/saki-cli/backend/usecase/rehydrate.go:34.4,35.17 2 1
github.com/drayanaindra/saki-cli/backend/usecase/rehydrate.go:35.17,37.5 1 1
github.com/drayanaindra/saki-cli/backend/usecase/rehydrate.go:38.4,38.30 1 1
github.com/drayanaindra/saki-cli/backend/usecase/rehydrate.go:39.20,39.20 0 1
github.com/drayanaindra/saki-cli/backend/usecase/rehydrate.go:41.11,42.35 1 1
github.com/drayanaindra/saki-cli/backend/usecase/rehydrate.go:44.3,44.17 1 1
github.com/drayanaindra/saki-cli/backend/usecase/rehydrate.go:46.2,46.23 1 1
github.com/drayanaindra/saki-cli/backend/usecase/resolveblocker.go:24.91,26.2 1 1
github.com/drayanaindra/saki-cli/backend/usecase/resolveblocker.go:31.91,32.80 1 1
github.com/drayanaindra/saki-cli/backend/usecase/resolveblocker.go:32.80,34.3 1 1
github.com/drayanaindra/saki-cli/backend/usecase/resolveblocker.go:35.2,36.9 2 1
github.com/drayanaindra/saki-cli/backend/usecase/resolveblocker.go:36.9,38.3 1 1
github.com/drayanaindra/saki-cli/backend/usecase/resolveblocker.go:40.2,41.30 2 1
github.com/drayanaindra/saki-cli/backend/usecase/resolveblocker.go:41.30,43.10 2 1
github.com/drayanaindra/saki-cli/backend/usecase/resolveblocker.go:43.10,44.12 1 1
github.com/drayanaindra/saki-cli/backend/usecase/resolveblocker.go:46.3,47.61 2 1
github.com/drayanaindra/saki-cli/backend/usecase/resolveblocker.go:47.61,50.12 3 1
github.com/drayanaindra/saki-cli/backend/usecase/resolveblocker.go:53.3,53.76 1 1
github.com/drayanaindra/saki-cli/backend/usecase/resolveblocker.go:53.76,56.4 2 1
github.com/drayanaindra/saki-cli/backend/usecase/resolveblocker.go:62.2,62.16 1 1
github.com/drayanaindra/saki-cli/backend/usecase/resolveblocker.go:62.16,64.3 1 1
github.com/drayanaindra/saki-cli/backend/usecase/resolveblocker.go:65.2,65.17 1 1
github.com/drayanaindra/saki-cli/backend/usecase/resolveblocker.go:65.17,66.57 1 1
github.com/drayanaindra/saki-cli/backend/usecase/resolveblocker.go:66.57,68.4 1 1
github.com/drayanaindra/saki-cli/backend/usecase/resolveblocker.go:70.2,70.49 1 1
github.com/drayanaindra/saki-cli/backend/usecase/resolveblocker.go:75.65,77.12 2 1
github.com/drayanaindra/saki-cli/backend/usecase/resolveblocker.go:77.12,79.3 1 1
github.com/drayanaindra/saki-cli/backend/usecase/resolveblocker.go:80.2,82.80 3 1
github.com/drayanaindra/saki-cli/backend/usecase/resolveblocker.go:82.80,84.3 1 1
github.com/drayanaindra/saki-cli/backend/usecase/resolveblocker.go:85.2,85.21 1 1
github.com/drayanaindra/saki-cli/backend/usecase/roadmap.go:16.53,18.2 1 1
github.com/drayanaindra/saki-cli/backend/usecase/roadmap.go:21.60,23.18 2 1
github.com/drayanaindra/saki-cli/backend/usecase/roadmap.go:23.18,25.3 1 1
github.com/drayanaindra/saki-cli/backend/usecase/roadmap.go:26.2,26.36 1 1
github.com/drayanaindra/saki-cli/backend/usecase/roadmap.go:26.36,28.3 1 1
github.com/drayanaindra/saki-cli/backend/usecase/roadmap.go:29.2,30.9 2 1
github.com/drayanaindra/saki-cli/backend/usecase/roadmap.go:30.9,32.3 1 0
github.com/drayanaindra/saki-cli/backend/usecase/roadmap.go:33.2,34.87 2 1
github.com/drayanaindra/saki-cli/backend/usecase/runs.go:20.81,22.2 1 1
github.com/drayanaindra/saki-cli/backend/usecase/runs.go:27.64,31.35 3 1
github.com/drayanaindra/saki-cli/backend/usecase/runs.go:31.35,33.37 2 1
github.com/drayanaindra/saki-cli/backend/usecase/runs.go:33.37,34.12 1 1
github.com/drayanaindra/saki-cli/backend/usecase/runs.go:36.3,37.23 2 1
github.com/drayanaindra/saki-cli/backend/usecase/runs.go:39.2,39.58 1 1
github.com/drayanaindra/saki-cli/backend/usecase/runs.go:39.58,40.30 1 1
github.com/drayanaindra/saki-cli/backend/usecase/runs.go:40.30,42.28 2 1
github.com/drayanaindra/saki-cli/backend/usecase/runs.go:42.28,43.13 1 1
github.com/drayanaindra/saki-cli/backend/usecase/runs.go:45.4,45.38 1 1
github.com/drayanaindra/saki-cli/backend/usecase/runs.go:45.38,46.13 1 0
github.com/drayanaindra/saki-cli/backend/usecase/runs.go:48.4,49.24 2 1
github.com/drayanaindra/saki-cli/backend/usecase/runs.go:52.2,52.44 1 1
github.com/drayanaindra/saki-cli/backend/usecase/runs.go:52.44,52.92 1 1
github.com/drayanaindra/saki-cli/backend/usecase/runs.go:53.2,53.12 1 1
github.com/drayanaindra/saki-cli/backend/usecase/runs.go:62.59,64.19 2 1
github.com/drayanaindra/saki-cli/backend/usecase/runs.go:64.19,66.3 1 1
github.com/drayanaindra/saki-cli/backend/usecase/runs.go:67.2,79.28 2 1
github.com/drayanaindra/saki-cli/backend/usecase/runs.go:79.28,81.3 1 1
github.com/drayanaindra/saki-cli/backend/usecase/runs.go:82.2,82.107 1 1
github.com/drayanaindra/saki-cli/backend/usecase/runs.go:82.107,84.52 2 1
github.com/drayanaindra/saki-cli/backend/usecase/runs.go:84.52,86.4 1 1
github.com/drayanaindra/saki-cli/backend/usecase/runs.go:87.3,87.59 1 1
github.com/drayanaindra/saki-cli/backend/usecase/runs.go:87.59,89.4 1 0
github.com/drayanaindra/saki-cli/backend/usecase/runs.go:91.2,91.10 1 1
github.com/drayanaindra/saki-cli/backend/usecase/runs.go:94.50,95.30 1 1
github.com/drayanaindra/saki-cli/backend/usecase/runs.go:96.14,97.18 1 0
github.com/drayanaindra/saki-cli/backend/usecase/runs.go:98.15,99.31 1 1
github.com/drayanaindra/saki-cli/backend/usecase/runs.go:101.2,101.14 1 0
github.com/drayanaindra/saki-cli/backend/usecase/runs.go:104.40,105.36 1 1
github.com/drayanaindra/saki-cli/backend/usecase/runs.go:106.13,107.11 1 1
github.com/drayanaindra/saki-cli/backend/usecase/runs.go:108.15,109.18 1 1
github.com/drayanaindra/saki-cli/backend/usecase/runs.go:111.2,111.10 1 0
github.com/drayanaindra/saki-cli/backend/usecase/screenshot.go:34.62,36.2 1 1
github.com/drayanaindra/saki-cli/backend/usecase/screenshot.go:42.54,45.46 3 1
github.com/drayanaindra/saki-cli/backend/usecase/screenshot.go:45.46,45.92 1 1
github.com/drayanaindra/saki-cli/backend/usecase/screenshot.go:46.2,47.27 2 1
github.com/drayanaindra/saki-cli/backend/usecase/screenshot.go:47.27,49.49 2 1
github.com/drayanaindra/saki-cli/backend/usecase/screenshot.go:49.49,50.12 1 1
github.com/drayanaindra/saki-cli/backend/usecase/screenshot.go:52.3,52.25 1 1
github.com/drayanaindra/saki-cli/backend/usecase/screenshot.go:54.2,54.12 1 1
github.com/drayanaindra/saki-cli/backend/usecase/screenshot.go:60.64,62.17 2 1
github.com/drayanaindra/saki-cli/backend/usecase/screenshot.go:62.17,64.3 1 1
github.com/drayanaindra/saki-cli/backend/usecase/screenshot.go:65.2,65.23 1 1
github.com/drayanaindra/saki-cli/backend/usecase/screenshot.go:65.23,67.3 1 1
github.com/drayanaindra/saki-cli/backend/usecase/screenshot.go:68.2,69.16 2 1
github.com/drayanaindra/saki-cli/backend/usecase/screenshot.go:69.16,71.3 1 0
github.com/drayanaindra/saki-cli/backend/usecase/screenshot.go:72.2,72.69 1 1
github.com/drayanaindra/saki-cli/backend/usecase/spawn.go:48.107,50.2 1 1
github.com/drayanaindra/saki-cli/backend/usecase/spawn.go:58.61,59.22 1 1
github.com/drayanaindra/saki-cli/backend/usecase/spawn.go:59.22,61.3 1 1
github.com/drayanaindra/saki-cli/backend/usecase/spawn.go:62.2,62.51 1 1
github.com/drayanaindra/saki-cli/backend/usecase/spawn.go:62.51,64.3 1 1
github.com/drayanaindra/saki-cli/backend/usecase/spawn.go:65.2,75.45 3 1
github.com/drayanaindra/saki-cli/backend/usecase/spawn.go:75.45,77.3 1 0
github.com/drayanaindra/saki-cli/backend/usecase/spawn.go:78.2,80.21 3 1
github.com/drayanaindra/saki-cli/backend/usecase/spawn.go:80.21,82.3 1 1
github.com/drayanaindra/saki-cli/backend/usecase/spawn.go:83.2,84.16 2 1
github.com/drayanaindra/saki-cli/backend/usecase/spawn.go:84.16,87.3 2 1
github.com/drayanaindra/saki-cli/backend/usecase/spawn.go:90.2,93.12 4 1
github.com/drayanaindra/saki-cli/backend/usecase/spawn.go:93.12,97.3 3 1
github.com/drayanaindra/saki-cli/backend/usecase/spawn.go:98.2,98.17 1 1
github.com/drayanaindra/saki-cli/backend/usecase/spawn.go:108.87,109.22 1 1
github.com/drayanaindra/saki-cli/backend/usecase/spawn.go:109.22,111.3 1 1
github.com/drayanaindra/saki-cli/backend/usecase/spawn.go:112.2,112.51 1 1
github.com/drayanaindra/saki-cli/backend/usecase/spawn.go:112.51,114.3 1 0
github.com/drayanaindra/saki-cli/backend/usecase/spawn.go:115.2,127.21 4 1
github.com/drayanaindra/saki-cli/backend/usecase/spawn.go:127.21,129.3 1 1
github.com/drayanaindra/saki-cli/backend/usecase/spawn.go:131.2,131.74 1 1
github.com/drayanaindra/saki-cli/backend/usecase/spawn.go:131.74,132.50 1 1
github.com/drayanaindra/saki-cli/backend/usecase/spawn.go:132.50,134.4 1 1
github.com/drayanaindra/saki-cli/backend/usecase/spawn.go:135.3,135.47 1 0
github.com/drayanaindra/saki-cli/backend/usecase/spawn.go:137.2,137.45 1 1
github.com/drayanaindra/saki-cli/backend/usecase/spawn.go:137.45,140.3 2 1
github.com/drayanaindra/saki-cli/backend/usecase/spawn.go:141.2,142.16 2 1
github.com/drayanaindra/saki-cli/backend/usecase/spawn.go:142.16,145.3 2 1
github.com/drayanaindra/saki-cli/backend/usecase/spawn.go:146.2,149.12 4 1
github.com/drayanaindra/saki-cli/backend/usecase/spawn.go:149.12,153.3 3 1
github.com/drayanaindra/saki-cli/backend/usecase/spawn.go:154.2,154.24 1 1
github.com/drayanaindra/saki-cli/backend/usecase/spawn.go:159.57,161.2 1 0
github.com/drayanaindra/saki-cli/backend/usecase/spawn.go:164.42,165.36 1 1
github.com/drayanaindra/saki-cli/backend/usecase/spawn.go:165.36,167.3 1 1
github.com/drayanaindra/saki-cli/backend/usecase/stop.go:12.71,14.2 1 1
github.com/drayanaindra/saki-cli/backend/usecase/stop.go:19.43,21.47 2 1
github.com/drayanaindra/saki-cli/backend/usecase/stop.go:21.47,23.3 1 1
github.com/drayanaindra/saki-cli/backend/usecase/stop.go:24.2,24.36 1 1
github.com/drayanaindra/saki-cli/backend/usecase/stop.go:24.36,26.3 1 1
github.com/drayanaindra/saki-cli/backend/usecase/stop.go:27.2,28.13 2 1
github.com/drayanaindra/saki-cli/backend/usecase/stream.go:25.104,26.15 1 1
github.com/drayanaindra/saki-cli/backend/usecase/stream.go:26.15,28.3 1 0
github.com/drayanaindra/saki-cli/backend/usecase/stream.go:29.2,29.78 1 1
github.com/drayanaindra/saki-cli/backend/usecase/stream.go:36.123,40.18 4 1
github.com/drayanaindra/saki-cli/backend/usecase/stream.go:40.18,42.35 2 1
github.com/drayanaindra/saki-cli/backend/usecase/stream.go:42.35,44.4 1 1
github.com/drayanaindra/saki-cli/backend/usecase/stream.go:45.3,46.48 2 1
github.com/drayanaindra/saki-cli/backend/usecase/stream.go:46.48,49.4 2 1
github.com/drayanaindra/saki-cli/backend/usecase/stream.go:51.2,53.6 3 1
github.com/drayanaindra/saki-cli/backend/usecase/stream.go:53.6,56.48 3 1
github.com/drayanaindra/saki-cli/backend/usecase/stream.go:56.48,58.38 2 1
github.com/drayanaindra/saki-cli/backend/usecase/stream.go:58.38,61.5 2 0
github.com/drayanaindra/saki-cli/backend/usecase/stream.go:62.4,63.10 2 1
github.com/drayanaindra/saki-cli/backend/usecase/stream.go:63.10,65.5 1 1
github.com/drayanaindra/saki-cli/backend/usecase/stream.go:66.4,67.10 2 1
github.com/drayanaindra/saki-cli/backend/usecase/stream.go:69.3,69.10 1 1
github.com/drayanaindra/saki-cli/backend/usecase/stream.go:70.21,71.10 1 1
github.com/drayanaindra/saki-cli/backend/usecase/stream.go:72.19,72.19 0 1
github.com/drayanaindra/saki-cli/backend/usecase/workitems.go:20.79,22.2 1 1
github.com/drayanaindra/saki-cli/backend/usecase/workitems.go:27.85,29.46 2 1
github.com/drayanaindra/saki-cli/backend/usecase/workitems.go:29.46,30.37 1 1
github.com/drayanaindra/saki-cli/backend/usecase/workitems.go:31.23,32.63 1 1
github.com/drayanaindra/saki-cli/backend/usecase/workitems.go:33.24,34.66 1 1
github.com/drayanaindra/saki-cli/backend/usecase/workitems.go:37.2,39.20 3 1
github.com/drayanaindra/saki-cli/backend/usecase/workitems.go:42.42,43.34 1 1
github.com/drayanaindra/saki-cli/backend/usecase/workitems.go:43.34,44.79 1 1
github.com/drayanaindra/saki-cli/backend/usecase/workitems.go:44.79,46.4 1 1
github.com/drayanaindra/saki-cli/backend/usecase/workitems.go:53.89,55.28 2 1
github.com/drayanaindra/saki-cli/backend/usecase/workitems.go:55.28,58.18 3 1
github.com/drayanaindra/saki-cli/backend/usecase/workitems.go:58.18,63.39 5 1
github.com/drayanaindra/saki-cli/backend/usecase/workitems.go:63.39,65.5 1 1
github.com/drayanaindra/saki-cli/backend/usecase/workitems.go:66.4,72.5 1 1
github.com/drayanaindra/saki-cli/backend/usecase/workitems.go:74.3,74.26 1 1
github.com/drayanaindra/saki-cli/backend/usecase/workitems.go:74.26,79.41 5 0
github.com/drayanaindra/saki-cli/backend/usecase/workitems.go:79.41,81.5 1 0
github.com/drayanaindra/saki-cli/backend/usecase/workitems.go:82.4,88.5 1 0
github.com/drayanaindra/saki-cli/backend/usecase/workitems.go:91.2,98.3 3 1
github.com/drayanaindra/saki-cli/backend/usecase/workitems.go:111.76,113.9 2 1
github.com/drayanaindra/saki-cli/backend/usecase/workitems.go:113.9,115.3 1 1
github.com/drayanaindra/saki-cli/backend/usecase/workitems.go:116.2,118.59 3 1
github.com/drayanaindra/saki-cli/backend/usecase/workitems.go:118.59,120.3 1 0
github.com/drayanaindra/saki-cli/backend/usecase/workitems.go:121.2,122.12 2 1
github.com/drayanaindra/saki-cli/backend/usecase/workitems.go:126.79,127.68 1 1
github.com/drayanaindra/saki-cli/backend/usecase/workitems.go:127.68,128.21 1 1
github.com/drayanaindra/saki-cli/backend/usecase/workitems.go:128.21,129.39 1 1
github.com/drayanaindra/saki-cli/backend/usecase/workitems.go:129.39,131.5 1 1
github.com/drayanaindra/saki-cli/backend/usecase/workitems.go:134.2,134.18 1 1
github.com/drayanaindra/saki-cli/backend/usecase/workitems.go:138.87,140.9 2 1
github.com/drayanaindra/saki-cli/backend/usecase/workitems.go:140.9,142.3 1 1
github.com/drayanaindra/saki-cli/backend/usecase/workitems.go:143.2,144.14 2 0
github.com/drayanaindra/saki-cli/backend/usecase/workitems.go:144.14,146.3 1 0
github.com/drayanaindra/saki-cli/backend/usecase/workitems.go:147.2,147.60 1 0
github.com/drayanaindra/saki-cli/backend/usecase/workitems.go:151.102,154.8 3 1
github.com/drayanaindra/saki-cli/backend/usecase/workitems.go:154.8,156.3 1 0
github.com/drayanaindra/saki-cli/backend/usecase/workitems.go:157.2,157.83 1 1
github.com/drayanaindra/saki-cli/backend/usecase/workitems.go:157.83,159.3 1 0
github.com/drayanaindra/saki-cli/backend/usecase/workitems.go:165.76,167.35 1 1
github.com/drayanaindra/saki-cli/backend/usecase/workitems.go:167.35,168.26 1 0
github.com/drayanaindra/saki-cli/backend/usecase/workitems.go:168.26,170.5 1 0
github.com/drayanaindra/saki-cli/backend/usecase/workitems.go:171.4,171.25 1 0
github.com/drayanaindra/saki-cli/backend/usecase/workitems.go:173.39,174.31 1 0
github.com/drayanaindra/saki-cli/backend/usecase/workitems.go:174.31,176.5 1 0
github.com/drayanaindra/saki-cli/backend/usecase/workitems.go:177.4,177.39 1 0
github.com/drayanaindra/saki-cli/backend/usecase/workitems.go:184.79,186.65 2 1
github.com/drayanaindra/saki-cli/backend/usecase/workitems.go:186.65,188.3 1 1
github.com/drayanaindra/saki-cli/backend/usecase/workitems.go:189.2,190.63 2 1
github.com/drayanaindra/saki-cli/backend/usecase/workitems.go:190.63,191.37 1 1
github.com/drayanaindra/saki-cli/backend/usecase/workitems.go:191.37,192.73 1 1
github.com/drayanaindra/saki-cli/backend/usecase/workitems.go:192.73,194.5 1 1
github.com/drayanaindra/saki-cli/backend/usecase/workitems.go:197.2,197.14 1 1
github.com/drayanaindra/saki-cli/backend/usecase/workitems.go:200.25,201.12 1 1
github.com/drayanaindra/saki-cli/backend/usecase/workitems.go:201.12,203.3 1 1
github.com/drayanaindra/saki-cli/backend/usecase/workitems.go:204.2,205.9 2 1
github.com/drayanaindra/saki-cli/backend/usecase/workitems.go:205.9,207.3 1 1
github.com/drayanaindra/saki-cli/backend/usecase/workitems.go:208.2,209.12 2 1
github.com/drayanaindra/saki-cli/backend/usecase/workitems.go:209.12,212.3 2 1
github.com/drayanaindra/saki-cli/backend/usecase/workitems.go:213.2,213.9 1 1
github.com/drayanaindra/saki-cli/backend/usecase/workitems.go:213.9,215.3 1 1
github.com/drayanaindra/saki-cli/backend/usecase/workitems.go:216.2,216.18 1 1
github.com/drayanaindra/saki-cli/backend/infra/codex.go:60.48,62.58 2 1
github.com/drayanaindra/saki-cli/backend/infra/codex.go:62.58,64.3 1 1
github.com/drayanaindra/saki-cli/backend/infra/codex.go:65.2,66.42 2 1
github.com/drayanaindra/saki-cli/backend/infra/codex.go:66.42,68.3 1 1
github.com/drayanaindra/saki-cli/backend/infra/codex.go:74.2,77.27 1 1
github.com/drayanaindra/saki-cli/backend/infra/codex.go:83.47,85.16 2 1
github.com/drayanaindra/saki-cli/backend/infra/codex.go:85.16,87.3 1 1
github.com/drayanaindra/saki-cli/backend/infra/codex.go:88.2,89.16 2 1
github.com/drayanaindra/saki-cli/backend/infra/codex.go:89.16,91.3 1 1
github.com/drayanaindra/saki-cli/backend/infra/codex.go:92.2,93.54 2 1
github.com/drayanaindra/saki-cli/backend/infra/codex.go:93.54,95.3 1 1
github.com/drayanaindra/saki-cli/backend/infra/codex.go:96.2,96.37 1 1
github.com/drayanaindra/saki-cli/backend/infra/codex.go:103.46,104.42 1 1
github.com/drayanaindra/saki-cli/backend/infra/codex.go:104.42,106.3 1 1
github.com/drayanaindra/saki-cli/backend/infra/codex.go:107.2,108.16 2 1
github.com/drayanaindra/saki-cli/backend/infra/codex.go:108.16,110.3 1 0
github.com/drayanaindra/saki-cli/backend/infra/codex.go:111.2,111.38 1 1
github.com/drayanaindra/saki-cli/backend/infra/contentfs.go:28.43,31.2 2 1
github.com/drayanaindra/saki-cli/backend/infra/contentfs.go:34.51,36.16 2 1
github.com/drayanaindra/saki-cli/backend/infra/contentfs.go:36.16,38.3 1 0
github.com/drayanaindra/saki-cli/backend/infra/contentfs.go:39.2,39.24 1 1
github.com/drayanaindra/saki-cli/backend/infra/contentfs.go:45.56,47.2 1 1
github.com/drayanaindra/saki-cli/backend/infra/contentfs.go:53.74,55.16 2 0
github.com/drayanaindra/saki-cli/backend/infra/contentfs.go:55.16,57.3 1 0
github.com/drayanaindra/saki-cli/backend/infra/contentfs.go:58.2,59.16 2 0
github.com/drayanaindra/saki-cli/backend/infra/contentfs.go:59.16,62.3 2 0
github.com/drayanaindra/saki-cli/backend/infra/contentfs.go:63.2,63.16 1 0
github.com/drayanaindra/saki-cli/backend/infra/contentfs.go:63.16,66.3 2 0
github.com/drayanaindra/saki-cli/backend/infra/contentfs.go:67.2,67.29 1 0
github.com/drayanaindra/saki-cli/backend/infra/contentfs.go:71.45,73.16 2 0
github.com/drayanaindra/saki-cli/backend/infra/contentfs.go:73.16,75.3 1 0
github.com/drayanaindra/saki-cli/backend/infra/contentfs.go:76.2,76.33 1 0
github.com/drayanaindra/saki-cli/backend/infra/contentfs.go:80.47,82.16 2 1
github.com/drayanaindra/saki-cli/backend/infra/contentfs.go:82.16,84.3 1 0
github.com/drayanaindra/saki-cli/backend/infra/contentfs.go:85.2,86.28 2 1
github.com/drayanaindra/saki-cli/backend/infra/contentfs.go:86.28,88.3 1 1
github.com/drayanaindra/saki-cli/backend/infra/contentfs.go:89.2,89.12 1 1
github.com/drayanaindra/saki-cli/backend/infra/contentfs.go:110.52,113.48 3 1
github.com/drayanaindra/saki-cli/backend/infra/contentfs.go:113.48,117.17 4 1
github.com/drayanaindra/saki-cli/backend/infra/contentfs.go:117.17,118.12 1 0
github.com/drayanaindra/saki-cli/backend/infra/contentfs.go:120.3,120.49 1 1
github.com/drayanaindra/saki-cli/backend/infra/contentfs.go:122.2,122.12 1 1
github.com/drayanaindra/saki-cli/backend/infra/contentfs.go:127.109,128.28 1 1
github.com/drayanaindra/saki-cli/backend/infra/contentfs.go:128.28,129.35 1 1
github.com/drayanaindra/saki-cli/backend/infra/contentfs.go:129.35,130.12 1 0
github.com/drayanaindra/saki-cli/backend/infra/contentfs.go:132.3,132.16 1 1
github.com/drayanaindra/saki-cli/backend/infra/contentfs.go:132.16,133.55 1 1
github.com/drayanaindra/saki-cli/backend/infra/contentfs.go:133.55,135.5 1 1
github.com/drayanaindra/saki-cli/backend/infra/contentfs.go:136.9,136.48 1 1
github.com/drayanaindra/saki-cli/backend/infra/contentfs.go:136.48,138.32 2 1
github.com/drayanaindra/saki-cli/backend/infra/contentfs.go:138.32,139.10 1 0
github.com/drayanaindra/saki-cli/backend/infra/contentfs.go:143.2,143.19 1 1
github.com/drayanaindra/saki-cli/backend/infra/contentfs.go:148.64,149.31 1 1
github.com/drayanaindra/saki-cli/backend/infra/contentfs.go:149.31,151.3 1 0
github.com/drayanaindra/saki-cli/backend/infra/contentfs.go:152.2,153.58 2 1
github.com/drayanaindra/saki-cli/backend/infra/contentfs.go:153.58,155.3 1 0
github.com/drayanaindra/saki-cli/backend/infra/contentfs.go:156.2,156.76 1 1
github.com/drayanaindra/saki-cli/backend/infra/contentfs.go:172.58,175.29 3 1
github.com/drayanaindra/saki-cli/backend/infra/contentfs.go:175.29,177.3 1 1
github.com/drayanaindra/saki-cli/backend/infra/contentfs.go:178.2,178.12 1 1
github.com/drayanaindra/saki-cli/backend/infra/contentfs.go:181.63,182.28 1 1
github.com/drayanaindra/saki-cli/backend/infra/contentfs.go:182.28,184.3 1 1
github.com/drayanaindra/saki-cli/backend/infra/contentfs.go:185.2,186.16 2 1
github.com/drayanaindra/saki-cli/backend/infra/contentfs.go:186.16,188.3 1 0
github.com/drayanaindra/saki-cli/backend/infra/contentfs.go:189.2,189.28 1 1
github.com/drayanaindra/saki-cli/backend/infra/contentfs.go:189.28,191.16 2 1
github.com/drayanaindra/saki-cli/backend/infra/contentfs.go:191.16,193.4 1 1
github.com/drayanaindra/saki-cli/backend/infra/contentfs.go:193.9,193.90 1 1
github.com/drayanaindra/saki-cli/backend/infra/contentfs.go:193.90,195.18 2 1
github.com/drayanaindra/saki-cli/backend/infra/contentfs.go:195.18,196.13 1 0
github.com/drayanaindra/saki-cli/backend/infra/contentfs.go:198.4,198.87 1 1
github.com/drayanaindra/saki-cli/backend/infra/contentfs.go:209.61,210.39 1 0
github.com/drayanaindra/saki-cli/backend/infra/contentfs.go:210.39,216.17 6 0
github.com/drayanaindra/saki-cli/backend/infra/contentfs.go:216.17,218.4 1 0
github.com/drayanaindra/saki-cli/backend/infra/contentfs.go:220.2,220.14 1 0
github.com/drayanaindra/saki-cli/backend/infra/contentfs.go:225.41,228.16 3 0
github.com/drayanaindra/saki-cli/backend/infra/contentfs.go:228.16,230.3 1 0
github.com/drayanaindra/saki-cli/backend/infra/contentfs.go:231.2,232.28 2 0
github.com/drayanaindra/saki-cli/backend/infra/contentfs.go:232.28,233.20 1 0
github.com/drayanaindra/saki-cli/backend/infra/contentfs.go:233.20,234.9 1 0
github.com/drayanaindra/saki-cli/backend/infra/contentfs.go:236.3,236.83 1 0
github.com/drayanaindra/saki-cli/backend/infra/contentfs.go:236.83,237.12 1 0
github.com/drayanaindra/saki-cli/backend/infra/contentfs.go:239.3,240.74 2 0
github.com/drayanaindra/saki-cli/backend/infra/contentfs.go:240.74,242.4 1 0
github.com/drayanaindra/saki-cli/backend/infra/contentfs.go:244.2,244.14 1 0
github.com/drayanaindra/saki-cli/backend/infra/doctor.go:10.70,12.2 1 1
github.com/drayanaindra/saki-cli/backend/infra/doctor.go:14.90,16.2 1 1
github.com/drayanaindra/saki-cli/backend/infra/envstatefs.go:16.35,18.16 2 0
github.com/drayanaindra/saki-cli/backend/infra/envstatefs.go:18.16,20.3 1 0
github.com/drayanaindra/saki-cli/backend/infra/envstatefs.go:21.2,21.13 1 0
github.com/drayanaindra/saki-cli/backend/infra/envstatefs.go:30.62,32.16 2 1
github.com/drayanaindra/saki-cli/backend/infra/envstatefs.go:32.16,34.3 1 1
github.com/drayanaindra/saki-cli/backend/infra/envstatefs.go:35.2,38.48 2 1
github.com/drayanaindra/saki-cli/backend/infra/envstatefs.go:38.48,40.3 1 1
github.com/drayanaindra/saki-cli/backend/infra/envstatefs.go:41.2,41.44 1 1
github.com/drayanaindra/saki-cli/backend/infra/envstatefs.go:45.51,45.99 1 1
github.com/drayanaindra/saki-cli/backend/infra/envstatefs.go:48.50,48.100 1 1
github.com/drayanaindra/saki-cli/backend/infra/envstatefs.go:50.31,53.2 2 1
github.com/drayanaindra/saki-cli/backend/infra/execx.go:14.47,15.45 1 1
github.com/drayanaindra/saki-cli/backend/infra/execx.go:15.45,17.3 1 1
github.com/drayanaindra/saki-cli/backend/infra/execx.go:18.2,18.16 1 1
github.com/drayanaindra/saki-cli/backend/infra/execx.go:18.16,19.51 1 1
github.com/drayanaindra/saki-cli/backend/infra/execx.go:19.51,21.4 1 1
github.com/drayanaindra/saki-cli/backend/infra/execx.go:23.2,23.25 1 1
github.com/drayanaindra/saki-cli/backend/infra/execx.go:32.108,37.15 5 1
github.com/drayanaindra/saki-cli/backend/infra/execx.go:37.15,39.3 1 1
github.com/drayanaindra/saki-cli/backend/infra/execx.go:40.2,46.16 7 1
github.com/drayanaindra/saki-cli/backend/infra/execx.go:46.16,48.3 1 1
github.com/drayanaindra/saki-cli/backend/infra/execx.go:49.2,49.36 1 1
github.com/drayanaindra/saki-cli/backend/infra/execx.go:54.83,57.2 2 1
github.com/drayanaindra/saki-cli/backend/infra/exitwatcher.go:7.62,9.2 1 1
github.com/drayanaindra/saki-cli/backend/infra/exitwatcher.go:11.75,15.2 3 1
github.com/drayanaindra/saki-cli/backend/infra/gitargs.go:10.43,12.48 2 1
github.com/drayanaindra/saki-cli/backend/infra/gitargs.go:12.48,13.44 1 1
github.com/drayanaindra/saki-cli/backend/infra/gitargs.go:13.44,15.4 1 1
github.com/drayanaindra/saki-cli/backend/infra/gitargs.go:17.2,17.14 1 1
github.com/drayanaindra/saki-cli/backend/infra/gitargs.go:23.59,24.12 1 1
github.com/drayanaindra/saki-cli/backend/infra/gitargs.go:24.12,26.3 1 1
github.com/drayanaindra/saki-cli/backend/infra/gitargs.go:27.2,27.52 1 1
github.com/drayanaindra/saki-cli/backend/infra/gitargs.go:32.45,34.2 1 1
github.com/drayanaindra/saki-cli/backend/infra/gitargs.go:39.45,41.2 1 1
github.com/drayanaindra/saki-cli/backend/infra/gitargs.go:46.35,46.68 1 1
github.com/drayanaindra/saki-cli/backend/infra/gitcli.go:27.40,28.23 1 1
github.com/drayanaindra/saki-cli/backend/infra/gitcli.go:28.23,30.3 1 0
github.com/drayanaindra/saki-cli/backend/infra/gitcli.go:31.2,31.26 1 1
github.com/drayanaindra/saki-cli/backend/infra/gitcli.go:34.41,35.24 1 1
github.com/drayanaindra/saki-cli/backend/infra/gitcli.go:35.24,37.3 1 0
github.com/drayanaindra/saki-cli/backend/infra/gitcli.go:38.2,38.25 1 1
github.com/drayanaindra/saki-cli/backend/infra/gitcli.go:41.42,42.25 1 1
github.com/drayanaindra/saki-cli/backend/infra/gitcli.go:42.25,44.3 1 0
github.com/drayanaindra/saki-cli/backend/infra/gitcli.go:45.2,45.25 1 1
github.com/drayanaindra/saki-cli/backend/infra/gitcli.go:48.40,49.23 1 1
github.com/drayanaindra/saki-cli/backend/infra/gitcli.go:49.23,51.3 1 0
github.com/drayanaindra/saki-cli/backend/infra/gitcli.go:52.2,52.25 1 1
github.com/drayanaindra/saki-cli/backend/infra/gitcli.go:55.38,56.21 1 1
github.com/drayanaindra/saki-cli/backend/infra/gitcli.go:56.21,58.3 1 1
github.com/drayanaindra/saki-cli/backend/infra/gitcli.go:59.2,59.26 1 1
github.com/drayanaindra/saki-cli/backend/infra/gitcli.go:62.34,63.21 1 1
github.com/drayanaindra/saki-cli/backend/infra/gitcli.go:63.21,65.3 1 1
github.com/drayanaindra/saki-cli/backend/infra/gitcli.go:66.2,66.15 1 0
github.com/drayanaindra/saki-cli/backend/infra/gitcli.go:72.58,74.16 2 1
github.com/drayanaindra/saki-cli/backend/infra/gitcli.go:74.16,76.3 1 1
github.com/drayanaindra/saki-cli/backend/infra/gitcli.go:77.2,78.16 2 1
github.com/drayanaindra/saki-cli/backend/infra/gitcli.go:78.16,80.3 1 0
github.com/drayanaindra/saki-cli/backend/infra/gitcli.go:81.2,81.19 1 1
github.com/drayanaindra/saki-cli/backend/infra/gitcli.go:87.60,89.13 2 1
github.com/drayanaindra/saki-cli/backend/infra/gitcli.go:89.13,91.3 1 1
github.com/drayanaindra/saki-cli/backend/infra/gitcli.go:92.2,92.34 1 1
github.com/drayanaindra/saki-cli/backend/infra/gitcli.go:98.82,99.79 1 1
github.com/drayanaindra/saki-cli/backend/infra/gitcli.go:99.79,101.3 1 1
github.com/drayanaindra/saki-cli/backend/infra/gitcli.go:102.2,102.17 1 1
github.com/drayanaindra/saki-cli/backend/infra/gitcli.go:107.46,109.13 2 1
github.com/drayanaindra/saki-cli/backend/infra/gitcli.go:109.13,111.3 1 0
github.com/drayanaindra/saki-cli/backend/infra/gitcli.go:112.2,112.29 1 1
github.com/drayanaindra/saki-cli/backend/infra/gitcli.go:119.45,121.13 2 1
github.com/drayanaindra/saki-cli/backend/infra/gitcli.go:121.13,123.3 1 1
github.com/drayanaindra/saki-cli/backend/infra/gitcli.go:124.2,124.31 1 1
github.com/drayanaindra/saki-cli/backend/infra/gitcli.go:130.51,132.13 2 1
github.com/drayanaindra/saki-cli/backend/infra/gitcli.go:132.13,134.3 1 1
github.com/drayanaindra/saki-cli/backend/infra/gitcli.go:135.2,135.31 1 1
github.com/drayanaindra/saki-cli/backend/infra/gitcli.go:141.50,143.13 2 1
github.com/drayanaindra/saki-cli/backend/infra/gitcli.go:143.13,145.3 1 1
github.com/drayanaindra/saki-cli/backend/infra/gitcli.go:146.2,146.62 1 0
github.com/drayanaindra/saki-cli/backend/infra/gitcli.go:151.54,153.14 2 1
github.com/drayanaindra/saki-cli/backend/infra/gitcli.go:153.14,155.3 1 0
github.com/drayanaindra/saki-cli/backend/infra/gitcli.go:156.2,156.11 1 1
github.com/drayanaindra/saki-cli/backend/infra/gitcli.go:162.75,164.13 2 1
github.com/drayanaindra/saki-cli/backend/infra/gitcli.go:164.13,166.3 1 1
github.com/drayanaindra/saki-cli/backend/infra/gitcli.go:167.2,167.31 1 1
github.com/drayanaindra/saki-cli/backend/infra/gitcli.go:173.68,174.69 1 1
github.com/drayanaindra/saki-cli/backend/infra/gitcli.go:174.69,176.3 1 1
github.com/drayanaindra/saki-cli/backend/infra/gitcli.go:177.2,177.17 1 1
github.com/drayanaindra/saki-cli/backend/infra/gitcli.go:186.53,188.18 2 1
github.com/drayanaindra/saki-cli/backend/infra/gitcli.go:188.18,190.3 1 0
github.com/drayanaindra/saki-cli/backend/infra/gitcli.go:191.2,192.23 2 1
github.com/drayanaindra/saki-cli/backend/infra/gitcli.go:192.23,194.3 1 1
github.com/drayanaindra/saki-cli/backend/infra/gitcli.go:195.2,196.28 2 1
github.com/drayanaindra/saki-cli/backend/infra/gitcli.go:196.28,197.20 1 1
github.com/drayanaindra/saki-cli/backend/infra/gitcli.go:197.20,199.9 2 1
github.com/drayanaindra/saki-cli/backend/infra/gitcli.go:202.2,202.76 1 1
github.com/drayanaindra/saki-cli/backend/infra/gitcli.go:202.76,204.3 1 0
github.com/drayanaindra/saki-cli/backend/infra/gitcli.go:205.2,205.53 1 1
github.com/drayanaindra/saki-cli/backend/infra/gitcli.go:211.40,212.74 1 1
github.com/drayanaindra/saki-cli/backend/infra/gitcli.go:212.74,214.3 1 0
github.com/drayanaindra/saki-cli/backend/infra/idgen.go:12.29,18.2 5 1
github.com/drayanaindra/saki-cli/backend/infra/initenv.go:33.80,34.54 1 1
github.com/drayanaindra/saki-cli/backend/infra/initenv.go:34.54,36.3 1 1
github.com/drayanaindra/saki-cli/backend/infra/initenv.go:37.2,38.9 2 1
github.com/drayanaindra/saki-cli/backend/infra/initenv.go:38.9,40.3 1 1
github.com/drayanaindra/saki-cli/backend/infra/initenv.go:47.2,47.66 1 1
github.com/drayanaindra/saki-cli/backend/infra/initenv.go:47.66,49.3 1 0
github.com/drayanaindra/saki-cli/backend/infra/initenv.go:50.2,56.27 4 1
github.com/drayanaindra/saki-cli/backend/infra/initenv.go:56.27,57.76 1 1
github.com/drayanaindra/saki-cli/backend/infra/initenv.go:57.76,59.4 1 1
github.com/drayanaindra/saki-cli/backend/infra/initenv.go:61.2,62.34 2 1
github.com/drayanaindra/saki-cli/backend/infra/initenv.go:68.71,69.34 1 1
github.com/drayanaindra/saki-cli/backend/infra/initenv.go:69.34,71.3 1 1
github.com/drayanaindra/saki-cli/backend/infra/initenv.go:72.2,73.49 2 1
github.com/drayanaindra/saki-cli/backend/infra/initenv.go:73.49,75.3 1 0
github.com/drayanaindra/saki-cli/backend/infra/initenv.go:76.2,76.12 1 1
github.com/drayanaindra/saki-cli/backend/infra/initenv.go:81.64,82.16 1 1
github.com/drayanaindra/saki-cli/backend/infra/initenv.go:83.26,84.42 1 1
github.com/drayanaindra/saki-cli/backend/infra/initenv.go:85.29,86.45 1 1
github.com/drayanaindra/saki-cli/backend/infra/initenv.go:87.10,88.20 1 1
github.com/drayanaindra/saki-cli/backend/infra/initenv.go:95.66,109.16 12 1
github.com/drayanaindra/saki-cli/backend/infra/initenv.go:109.16,111.3 1 1
github.com/drayanaindra/saki-cli/backend/infra/initenv.go:112.2,112.43 1 1
github.com/drayanaindra/saki-cli/backend/infra/initenv.go:112.43,114.3 1 1
github.com/drayanaindra/saki-cli/backend/infra/initenv.go:115.2,115.102 1 1
github.com/drayanaindra/saki-cli/backend/infra/initenv.go:121.60,122.51 1 1
github.com/drayanaindra/saki-cli/backend/infra/initenv.go:122.51,123.56 1 1
github.com/drayanaindra/saki-cli/backend/infra/initenv.go:123.56,124.42 1 1
github.com/drayanaindra/saki-cli/backend/infra/initenv.go:124.42,126.5 1 1
github.com/drayanaindra/saki-cli/backend/infra/initenv.go:127.4,127.18 1 1
github.com/drayanaindra/saki-cli/backend/infra/initenv.go:130.2,130.20 1 1
github.com/drayanaindra/saki-cli/backend/infra/initenv.go:136.70,139.13 3 1
github.com/drayanaindra/saki-cli/backend/infra/initenv.go:139.13,141.3 1 1
github.com/drayanaindra/saki-cli/backend/infra/initenv.go:142.2,142.56 1 1
github.com/drayanaindra/saki-cli/backend/infra/initenv.go:147.74,149.16 2 1
github.com/drayanaindra/saki-cli/backend/infra/initenv.go:150.26,152.115 2 1
github.com/drayanaindra/saki-cli/backend/infra/initenv.go:153.29,154.48 1 1
github.com/drayanaindra/saki-cli/backend/infra/initenv.go:155.10,156.12 1 0
github.com/drayanaindra/saki-cli/backend/infra/initenv.go:158.2,159.29 2 1
github.com/drayanaindra/saki-cli/backend/infra/initenv.go:159.29,161.17 2 1
github.com/drayanaindra/saki-cli/backend/infra/initenv.go:161.17,163.12 2 1
github.com/drayanaindra/saki-cli/backend/infra/initenv.go:165.3,166.23 2 1
github.com/drayanaindra/saki-cli/backend/infra/initenv.go:168.2,168.38 1 1
github.com/drayanaindra/saki-cli/backend/infra/journal.go:40.45,41.15 1 1
github.com/drayanaindra/saki-cli/backend/infra/journal.go:41.15,43.3 1 0
github.com/drayanaindra/saki-cli/backend/infra/journal.go:44.2,44.30 1 1
github.com/drayanaindra/saki-cli/backend/infra/journal.go:47.30,48.46 1 0
github.com/drayanaindra/saki-cli/backend/infra/journal.go:48.46,50.3 1 0
github.com/drayanaindra/saki-cli/backend/infra/journal.go:51.2,52.54 2 0
github.com/drayanaindra/saki-cli/backend/infra/journal.go:58.25,60.2 1 0
github.com/drayanaindra/saki-cli/backend/infra/journal.go:62.49,62.91 1 1
github.com/drayanaindra/saki-cli/backend/infra/journal.go:63.49,63.92 1 1
github.com/drayanaindra/saki-cli/backend/infra/journal.go:68.45,69.50 1 1
github.com/drayanaindra/saki-cli/backend/infra/journal.go:69.50,71.3 1 1
github.com/drayanaindra/saki-cli/backend/infra/journal.go:72.2,73.16 2 1
github.com/drayanaindra/saki-cli/backend/infra/journal.go:73.16,75.3 1 0
github.com/drayanaindra/saki-cli/backend/infra/journal.go:76.2,78.24 3 1
github.com/drayanaindra/saki-cli/backend/infra/journal.go:81.50,90.16 3 1
github.com/drayanaindra/saki-cli/backend/infra/journal.go:90.16,92.3 1 0
github.com/drayanaindra/saki-cli/backend/infra/journal.go:93.2,93.69 1 1
github.com/drayanaindra/saki-cli/backend/infra/journal.go:99.55,101.16 2 0
github.com/drayanaindra/saki-cli/backend/infra/journal.go:101.16,103.3 1 0
github.com/drayanaindra/saki-cli/backend/infra/journal.go:104.2,106.12 3 0
github.com/drayanaindra/saki-cli/backend/infra/journalreader.go:19.66,21.2 1 1
github.com/drayanaindra/saki-cli/backend/infra/journalreader.go:23.68,25.16 2 1
github.com/drayanaindra/saki-cli/backend/infra/journalreader.go:25.16,26.25 1 1
github.com/drayanaindra/saki-cli/backend/infra/journalreader.go:26.25,28.4 1 1
github.com/drayanaindra/saki-cli/backend/infra/journalreader.go:29.3,29.18 1 0
github.com/drayanaindra/saki-cli/backend/infra/journalreader.go:31.2,32.28 2 1
github.com/drayanaindra/saki-cli/backend/infra/journalreader.go:32.28,33.57 1 1
github.com/drayanaindra/saki-cli/backend/infra/journalreader.go:33.57,34.12 1 1
github.com/drayanaindra/saki-cli/backend/infra/journalreader.go:36.3,37.17 2 1
github.com/drayanaindra/saki-cli/backend/infra/journalreader.go:37.17,38.12 1 0
github.com/drayanaindra/saki-cli/backend/infra/journalreader.go:40.3,41.49 2 1
github.com/drayanaindra/saki-cli/backend/infra/journalreader.go:41.49,42.12 1 0
github.com/drayanaindra/saki-cli/backend/infra/journalreader.go:44.3,45.24 2 1
github.com/drayanaindra/saki-cli/backend/infra/journalreader.go:45.24,48.4 1 1
github.com/drayanaindra/saki-cli/backend/infra/journalreader.go:49.3,62.5 3 1
github.com/drayanaindra/saki-cli/backend/infra/journalreader.go:64.2,64.17 1 1
github.com/drayanaindra/saki-cli/backend/infra/journalreader.go:68.45,70.16 2 1
github.com/drayanaindra/saki-cli/backend/infra/journalreader.go:70.16,72.3 1 1
github.com/drayanaindra/saki-cli/backend/infra/journalreader.go:73.2,74.16 2 1
github.com/drayanaindra/saki-cli/backend/infra/journalreader.go:74.16,76.3 1 0
github.com/drayanaindra/saki-cli/backend/infra/journalreader.go:77.2,77.17 1 1
github.com/drayanaindra/saki-cli/backend/infra/journalreader.go:81.29,82.14 1 1
github.com/drayanaindra/saki-cli/backend/infra/journalreader.go:82.14,84.3 1 0
github.com/drayanaindra/saki-cli/backend/infra/journalreader.go:85.2,85.36 1 1
github.com/drayanaindra/saki-cli/backend/infra/killer.go:11.44,13.2 1 1
github.com/drayanaindra/saki-cli/backend/infra/killer.go:17.42,19.2 1 0
github.com/drayanaindra/saki-cli/backend/infra/killer.go:23.37,24.14 1 0
github.com/drayanaindra/saki-cli/backend/infra/killer.go:24.14,26.3 1 0
github.com/drayanaindra/saki-cli/backend/infra/killer.go:27.2,27.36 1 0
github.com/drayanaindra/saki-cli/backend/infra/memstore.go:16.30,16.81 1 1
github.com/drayanaindra/saki-cli/backend/infra/memstore.go:18.40,22.2 3 1
github.com/drayanaindra/saki-cli/backend/infra/memstore.go:24.54,29.2 4 1
github.com/drayanaindra/saki-cli/backend/infra/memstore.go:31.40,35.27 4 0
github.com/drayanaindra/saki-cli/backend/infra/memstore.go:35.27,37.3 1 0
github.com/drayanaindra/saki-cli/backend/infra/memstore.go:38.2,38.12 1 0
github.com/drayanaindra/saki-cli/backend/infra/memstore.go:43.47,46.29 3 0
github.com/drayanaindra/saki-cli/backend/infra/memstore.go:46.29,50.3 3 0
github.com/drayanaindra/saki-cli/backend/infra/memstore.go:54.38,58.2 3 0
github.com/drayanaindra/saki-cli/backend/infra/memstore.go:65.59,69.45 4 0
github.com/drayanaindra/saki-cli/backend/infra/memstore.go:69.45,71.3 1 0
github.com/drayanaindra/saki-cli/backend/infra/memstore.go:72.2,74.19 3 0
github.com/drayanaindra/saki-cli/backend/infra/memstore.go:74.19,76.3 1 0
github.com/drayanaindra/saki-cli/backend/infra/memstore.go:76.8,78.3 1 0
github.com/drayanaindra/saki-cli/backend/infra/memstore.go:79.2,80.13 2 0
github.com/drayanaindra/saki-cli/backend/infra/memstore.go:87.80,89.2 1 0
github.com/drayanaindra/saki-cli/backend/infra/memstore.go:95.79,97.2 1 1
github.com/drayanaindra/saki-cli/backend/infra/memstore.go:103.100,106.19 3 1
github.com/drayanaindra/saki-cli/backend/infra/memstore.go:106.19,107.28 1 1
github.com/drayanaindra/saki-cli/backend/infra/memstore.go:107.28,108.109 1 1
github.com/drayanaindra/saki-cli/backend/infra/memstore.go:108.109,110.5 1 1
github.com/drayanaindra/saki-cli/backend/infra/memstore.go:113.2,114.17 2 1
github.com/drayanaindra/saki-cli/backend/infra/memstore.go:120.68,124.9 4 0
github.com/drayanaindra/saki-cli/backend/infra/memstore.go:124.9,126.3 1 0
github.com/drayanaindra/saki-cli/backend/infra/memstore.go:127.2,129.13 3 0
github.com/drayanaindra/saki-cli/backend/infra/newproject.go:30.45,30.68 1 1
github.com/drayanaindra/saki-cli/backend/infra/newproject.go:33.48,33.83 1 1
github.com/drayanaindra/saki-cli/backend/infra/newproject.go:36.49,36.78 1 0
github.com/drayanaindra/saki-cli/backend/infra/newproject.go:40.77,42.91 2 1
github.com/drayanaindra/saki-cli/backend/infra/newproject.go:42.91,43.17 1 1
github.com/drayanaindra/saki-cli/backend/infra/newproject.go:43.17,45.4 1 0
github.com/drayanaindra/saki-cli/backend/infra/newproject.go:46.3,47.17 2 1
github.com/drayanaindra/saki-cli/backend/infra/newproject.go:47.17,49.4 1 0
github.com/drayanaindra/saki-cli/backend/infra/newproject.go:50.3,51.16 2 1
github.com/drayanaindra/saki-cli/backend/infra/newproject.go:51.16,53.4 1 1
github.com/drayanaindra/saki-cli/backend/infra/newproject.go:54.3,55.17 2 1
github.com/drayanaindra/saki-cli/backend/infra/newproject.go:55.17,57.4 1 0
github.com/drayanaindra/saki-cli/backend/infra/newproject.go:58.3,58.67 1 1
github.com/drayanaindra/saki-cli/backend/infra/newproject.go:58.67,60.4 1 0
github.com/drayanaindra/saki-cli/backend/infra/newproject.go:61.3,61.44 1 1
github.com/drayanaindra/saki-cli/backend/infra/newproject.go:75.61,78.16 3 1
github.com/drayanaindra/saki-cli/backend/infra/newproject.go:78.16,79.25 1 1
github.com/drayanaindra/saki-cli/backend/infra/newproject.go:79.25,81.4 1 1
github.com/drayanaindra/saki-cli/backend/infra/newproject.go:82.3,82.13 1 0
github.com/drayanaindra/saki-cli/backend/infra/newproject.go:84.2,84.22 1 1
github.com/drayanaindra/saki-cli/backend/infra/newproject.go:84.22,86.3 1 0
github.com/drayanaindra/saki-cli/backend/infra/newproject.go:87.2,88.16 2 1
github.com/drayanaindra/saki-cli/backend/infra/newproject.go:88.16,90.3 1 0
github.com/drayanaindra/saki-cli/backend/infra/newproject.go:91.2,92.16 2 1
github.com/drayanaindra/saki-cli/backend/infra/newproject.go:92.16,94.3 1 0
github.com/drayanaindra/saki-cli/backend/infra/newproject.go:97.2,101.42 5 1
github.com/drayanaindra/saki-cli/backend/infra/newproject.go:108.78,119.29 2 1
github.com/drayanaindra/saki-cli/backend/infra/newproject.go:119.29,120.55 1 1
github.com/drayanaindra/saki-cli/backend/infra/newproject.go:120.55,122.4 1 0
github.com/drayanaindra/saki-cli/backend/infra/newproject.go:124.2,124.12 1 1
github.com/drayanaindra/saki-cli/backend/infra/newproject.go:129.56,139.34 10 1
github.com/drayanaindra/saki-cli/backend/infra/newproject.go:139.34,141.3 1 0
github.com/drayanaindra/saki-cli/backend/infra/newproject.go:142.2,142.12 1 1
github.com/drayanaindra/saki-cli/backend/infra/newproject.go:146.29,149.25 3 1
github.com/drayanaindra/saki-cli/backend/infra/newproject.go:149.25,150.83 1 1
github.com/drayanaindra/saki-cli/backend/infra/newproject.go:150.83,151.12 1 0
github.com/drayanaindra/saki-cli/backend/infra/newproject.go:153.3,153.24 1 1
github.com/drayanaindra/saki-cli/backend/infra/newproject.go:155.2,155.12 1 1
github.com/drayanaindra/saki-cli/backend/infra/nullproxy.go:42.76,44.2 1 1
github.com/drayanaindra/saki-cli/backend/infra/nullproxy.go:51.65,53.2 1 1
github.com/drayanaindra/saki-cli/backend/infra/nullproxy.go:61.89,65.2 3 1
github.com/drayanaindra/saki-cli/backend/infra/opencode.go:36.51,39.16 3 1
github.com/drayanaindra/saki-cli/backend/infra/opencode.go:39.16,41.3 1 1
github.com/drayanaindra/saki-cli/backend/infra/opencode.go:42.2,48.50 2 1
github.com/drayanaindra/saki-cli/backend/infra/opencode.go:48.50,49.63 1 0
github.com/drayanaindra/saki-cli/backend/infra/opencode.go:49.63,51.4 1 0
github.com/drayanaindra/saki-cli/backend/infra/opencode.go:53.2,53.31 1 1
github.com/drayanaindra/saki-cli/backend/infra/opencode.go:53.31,54.48 1 1
github.com/drayanaindra/saki-cli/backend/infra/opencode.go:54.48,56.4 1 1
github.com/drayanaindra/saki-cli/backend/infra/opencode.go:58.2,58.127 1 1
github.com/drayanaindra/saki-cli/backend/infra/opencode.go:64.51,66.42 2 1
github.com/drayanaindra/saki-cli/backend/infra/opencode.go:66.42,68.3 1 1
github.com/drayanaindra/saki-cli/backend/infra/opencode.go:68.8,70.17 2 1
github.com/drayanaindra/saki-cli/backend/infra/opencode.go:70.17,72.4 1 0
github.com/drayanaindra/saki-cli/backend/infra/opencode.go:73.3,73.52 1 1
github.com/drayanaindra/saki-cli/backend/infra/opencode.go:75.2,75.67 1 1
github.com/drayanaindra/saki-cli/backend/infra/opencode.go:75.67,77.39 2 1
github.com/drayanaindra/saki-cli/backend/infra/opencode.go:77.39,79.4 1 1
github.com/drayanaindra/saki-cli/backend/infra/opencode.go:81.2,81.45 1 1
github.com/drayanaindra/saki-cli/backend/infra/opencode.go:87.36,90.32 3 0
github.com/drayanaindra/saki-cli/backend/infra/opencode.go:90.32,93.21 3 0
github.com/drayanaindra/saki-cli/backend/infra/opencode.go:93.21,95.4 1 0
github.com/drayanaindra/saki-cli/backend/infra/opencode.go:96.3,96.10 1 0
github.com/drayanaindra/saki-cli/backend/infra/opencode.go:97.17,99.35 2 0
github.com/drayanaindra/saki-cli/backend/infra/opencode.go:99.35,102.5 2 0
github.com/drayanaindra/saki-cli/backend/infra/opencode.go:102.10,102.23 1 0
github.com/drayanaindra/saki-cli/backend/infra/opencode.go:102.23,104.5 1 0
github.com/drayanaindra/saki-cli/backend/infra/opencode.go:105.16,106.31 1 0
github.com/drayanaindra/saki-cli/backend/infra/opencode.go:106.31,109.5 2 0
github.com/drayanaindra/saki-cli/backend/infra/opencode.go:110.15,111.17 1 0
github.com/drayanaindra/saki-cli/backend/infra/opencode.go:111.17,114.5 2 0
github.com/drayanaindra/saki-cli/backend/infra/opencode.go:115.17,117.24 2 0
github.com/drayanaindra/saki-cli/backend/infra/opencode.go:118.32,120.7 2 0
github.com/drayanaindra/saki-cli/backend/infra/opencode.go:121.32,123.7 2 0
github.com/drayanaindra/saki-cli/backend/infra/opencode.go:124.11,125.24 1 0
github.com/drayanaindra/saki-cli/backend/infra/opencode.go:128.2,128.12 1 0
github.com/drayanaindra/saki-cli/backend/infra/osascript.go:22.55,31.16 9 0
github.com/drayanaindra/saki-cli/backend/infra/osascript.go:31.16,33.3 1 0
github.com/drayanaindra/saki-cli/backend/infra/osascript.go:34.2,35.30 2 0
github.com/drayanaindra/saki-cli/backend/infra/osascript.go:35.30,37.3 1 0
github.com/drayanaindra/saki-cli/backend/infra/osascript.go:39.2,40.18 2 0
github.com/drayanaindra/saki-cli/backend/infra/osascript.go:40.18,42.3 1 0
github.com/drayanaindra/saki-cli/backend/infra/osascript.go:43.2,43.33 1 0
github.com/drayanaindra/saki-cli/backend/infra/osprofiles.go:13.48,13.75 1 0
github.com/drayanaindra/saki-cli/backend/infra/osprofiles.go:18.56,20.16 2 0
github.com/drayanaindra/saki-cli/backend/infra/osprofiles.go:20.16,22.3 1 0
github.com/drayanaindra/saki-cli/backend/infra/osprofiles.go:23.2,24.28 2 0
github.com/drayanaindra/saki-cli/backend/infra/osprofiles.go:24.28,26.34 2 0
github.com/drayanaindra/saki-cli/backend/infra/osprofiles.go:26.34,27.12 1 0
github.com/drayanaindra/saki-cli/backend/infra/osprofiles.go:29.3,29.34 1 0
github.com/drayanaindra/saki-cli/backend/infra/osprofiles.go:31.2,31.14 1 0
github.com/drayanaindra/saki-cli/backend/infra/output.go:15.52,15.91 1 1
github.com/drayanaindra/saki-cli/backend/infra/output.go:21.70,23.16 2 0
github.com/drayanaindra/saki-cli/backend/infra/output.go:23.16,24.25 1 0
github.com/drayanaindra/saki-cli/backend/infra/output.go:24.25,26.4 1 0
github.com/drayanaindra/saki-cli/backend/infra/output.go:27.3,27.18 1 0
github.com/drayanaindra/saki-cli/backend/infra/output.go:29.2,31.41 3 0
github.com/drayanaindra/saki-cli/backend/infra/output.go:36.43,38.16 2 0
github.com/drayanaindra/saki-cli/backend/infra/output.go:38.16,40.3 1 0
github.com/drayanaindra/saki-cli/backend/infra/output.go:41.2,41.18 1 0
github.com/drayanaindra/saki-cli/backend/infra/output.go:44.78,46.16 2 1
github.com/drayanaindra/saki-cli/backend/infra/output.go:46.16,48.3 1 1
github.com/drayanaindra/saki-cli/backend/infra/output.go:49.2,50.56 2 1
github.com/drayanaindra/saki-cli/backend/infra/output.go:50.56,52.3 1 0
github.com/drayanaindra/saki-cli/backend/infra/output.go:53.2,54.16 2 1
github.com/drayanaindra/saki-cli/backend/infra/output.go:54.16,56.3 1 0
github.com/drayanaindra/saki-cli/backend/infra/output.go:57.2,57.45 1 1
github.com/drayanaindra/saki-cli/backend/infra/proxy.go:22.43,23.16 1 1
github.com/drayanaindra/saki-cli/backend/infra/proxy.go:23.16,25.3 1 0
github.com/drayanaindra/saki-cli/backend/infra/proxy.go:26.2,26.80 1 1
github.com/drayanaindra/saki-cli/backend/infra/proxy.go:31.92,33.16 2 1
github.com/drayanaindra/saki-cli/backend/infra/proxy.go:33.16,35.3 1 0
github.com/drayanaindra/saki-cli/backend/infra/proxy.go:36.2,37.18 2 1
github.com/drayanaindra/saki-cli/backend/infra/proxy.go:37.18,39.3 1 1
github.com/drayanaindra/saki-cli/backend/infra/proxy.go:40.2,41.16 2 1
github.com/drayanaindra/saki-cli/backend/infra/proxy.go:41.16,43.3 1 0
github.com/drayanaindra/saki-cli/backend/infra/proxy.go:44.2,46.16 3 1
github.com/drayanaindra/saki-cli/backend/infra/proxy.go:46.16,48.3 1 0
github.com/drayanaindra/saki-cli/backend/infra/proxy.go:49.2,49.38 1 1
github.com/drayanaindra/saki-cli/backend/infra/proxy.go:57.97,60.16 2 1
github.com/drayanaindra/saki-cli/backend/infra/proxy.go:60.16,63.3 2 0
github.com/drayanaindra/saki-cli/backend/infra/proxy.go:64.2,64.18 1 1
github.com/drayanaindra/saki-cli/backend/infra/proxy.go:64.18,66.3 1 0
github.com/drayanaindra/saki-cli/backend/infra/proxy.go:67.2,68.16 2 1
github.com/drayanaindra/saki-cli/backend/infra/proxy.go:68.16,71.3 2 0
github.com/drayanaindra/saki-cli/backend/infra/proxy.go:72.2,73.32 2 1
github.com/drayanaindra/saki-cli/backend/infra/proxy.go:73.32,74.24 1 1
github.com/drayanaindra/saki-cli/backend/infra/proxy.go:74.24,76.4 1 1
github.com/drayanaindra/saki-cli/backend/infra/proxy.go:78.2,82.6 5 1
github.com/drayanaindra/saki-cli/backend/infra/proxy.go:82.6,84.12 2 1
github.com/drayanaindra/saki-cli/backend/infra/proxy.go:84.12,85.48 1 1
github.com/drayanaindra/saki-cli/backend/infra/proxy.go:85.48,87.5 1 0
github.com/drayanaindra/saki-cli/backend/infra/proxy.go:88.4,88.18 1 1
github.com/drayanaindra/saki-cli/backend/infra/proxy.go:90.3,90.18 1 1
github.com/drayanaindra/saki-cli/backend/infra/proxy.go:90.18,92.4 1 1
github.com/drayanaindra/saki-cli/backend/infra/proxy.go:100.70,104.16 4 1
github.com/drayanaindra/saki-cli/backend/infra/proxy.go:104.16,106.3 1 0
github.com/drayanaindra/saki-cli/backend/infra/proxy.go:107.2,107.18 1 1
github.com/drayanaindra/saki-cli/backend/infra/proxy.go:107.18,109.3 1 0
github.com/drayanaindra/saki-cli/backend/infra/proxy.go:110.2,111.16 2 1
github.com/drayanaindra/saki-cli/backend/infra/proxy.go:111.16,113.3 1 0
github.com/drayanaindra/saki-cli/backend/infra/proxy.go:114.2,115.37 2 1
github.com/drayanaindra/saki-cli/backend/infra/proxy.go:115.37,117.3 1 1
github.com/drayanaindra/saki-cli/backend/infra/proxy.go:118.2,119.64 2 1
github.com/drayanaindra/saki-cli/backend/infra/proxy.go:119.64,121.3 1 0
github.com/drayanaindra/saki-cli/backend/infra/proxy.go:122.2,122.18 1 1
github.com/drayanaindra/saki-cli/backend/infra/spawner.go:39.87,42.16 3 1
github.com/drayanaindra/saki-cli/backend/infra/spawner.go:43.29,76.13 2 1
github.com/drayanaindra/saki-cli/backend/infra/spawner.go:76.13,78.4 1 1
github.com/drayanaindra/saki-cli/backend/infra/spawner.go:79.26,97.120 1 1
github.com/drayanaindra/saki-cli/backend/infra/spawner.go:98.10,100.20 2 1
github.com/drayanaindra/saki-cli/backend/infra/spawner.go:100.20,102.4 1 1
github.com/drayanaindra/saki-cli/backend/infra/spawner.go:104.2,104.67 1 1
github.com/drayanaindra/saki-cli/backend/infra/spawner.go:115.55,115.94 1 1
github.com/drayanaindra/saki-cli/backend/infra/spawner.go:117.76,118.40 1 1
github.com/drayanaindra/saki-cli/backend/infra/spawner.go:118.40,120.3 1 1
github.com/drayanaindra/saki-cli/backend/infra/spawner.go:121.2,122.14 2 1
github.com/drayanaindra/saki-cli/backend/infra/spawner.go:122.14,124.3 1 1
github.com/drayanaindra/saki-cli/backend/infra/spawner.go:125.2,127.21 3 1
github.com/drayanaindra/saki-cli/backend/infra/spawner.go:127.21,129.3 1 0
github.com/drayanaindra/saki-cli/backend/infra/spawner.go:130.2,132.36 3 1
github.com/drayanaindra/saki-cli/backend/infra/spawner.go:132.36,134.3 1 0
github.com/drayanaindra/saki-cli/backend/infra/spawner.go:135.2,138.21 2 1
github.com/drayanaindra/saki-cli/backend/infra/spawner.go:138.21,141.3 2 1
github.com/drayanaindra/saki-cli/backend/infra/spawner.go:142.2,142.23 1 1
github.com/drayanaindra/saki-cli/backend/infra/spawner.go:155.46,157.50 2 1
github.com/drayanaindra/saki-cli/backend/infra/spawner.go:157.50,159.3 1 1
github.com/drayanaindra/saki-cli/backend/infra/spawner.go:160.2,160.37 1 1
github.com/drayanaindra/saki-cli/backend/infra/spawner.go:160.37,169.106 1 1
github.com/drayanaindra/saki-cli/backend/infra/spawner.go:169.106,171.4 1 1
github.com/drayanaindra/saki-cli/backend/infra/spawner.go:173.2,173.51 1 1
github.com/drayanaindra/saki-cli/backend/infra/spawner.go:181.55,182.16 1 1
github.com/drayanaindra/saki-cli/backend/infra/spawner.go:183.29,184.54 1 1
github.com/drayanaindra/saki-cli/backend/infra/spawner.go:184.54,186.4 1 1
github.com/drayanaindra/saki-cli/backend/infra/spawner.go:187.26,188.51 1 1
github.com/drayanaindra/saki-cli/backend/infra/spawner.go:188.51,190.4 1 1
github.com/drayanaindra/saki-cli/backend/infra/spawner.go:192.2,192.12 1 1
github.com/drayanaindra/saki-cli/backend/infra/spawner.go:198.75,199.16 1 1
github.com/drayanaindra/saki-cli/backend/infra/spawner.go:200.29,203.40 1 1
github.com/drayanaindra/saki-cli/backend/infra/spawner.go:204.26,208.37 1 1
github.com/drayanaindra/saki-cli/backend/infra/spawner.go:209.10,210.13 1 1
github.com/drayanaindra/saki-cli/backend/infra/spawner.go:221.78,234.8 6 1
github.com/drayanaindra/saki-cli/backend/infra/spawner.go:234.8,236.3 1 1
github.com/drayanaindra/saki-cli/backend/infra/spawner.go:236.8,242.3 1 1
github.com/drayanaindra/saki-cli/backend/infra/spawner.go:243.2,248.8 2 1
github.com/drayanaindra/saki-cli/backend/infra/spawner.go:248.8,250.3 1 1
github.com/drayanaindra/saki-cli/backend/infra/spawner.go:251.2,251.27 1 1
github.com/drayanaindra/saki-cli/backend/infra/spawner.go:251.27,253.3 1 1
github.com/drayanaindra/saki-cli/backend/infra/spawner.go:256.2,256.81 1 1
github.com/drayanaindra/saki-cli/backend/infra/spawner.go:256.81,258.3 1 1
github.com/drayanaindra/saki-cli/backend/infra/spawner.go:259.2,259.12 1 1
github.com/drayanaindra/saki-cli/backend/infra/spawner.go:294.79,295.35 1 1
github.com/drayanaindra/saki-cli/backend/infra/spawner.go:295.35,296.49 1 1
github.com/drayanaindra/saki-cli/backend/infra/spawner.go:296.49,297.23 1 1
github.com/drayanaindra/saki-cli/backend/infra/spawner.go:297.23,299.5 1 1
github.com/drayanaindra/saki-cli/backend/infra/spawner.go:302.2,302.16 1 1
github.com/drayanaindra/saki-cli/backend/infra/spawner.go:303.29,305.44 2 1
github.com/drayanaindra/saki-cli/backend/infra/spawner.go:306.26,307.39 1 1
github.com/drayanaindra/saki-cli/backend/infra/spawner.go:308.10,309.46 1 1
github.com/drayanaindra/saki-cli/backend/infra/spawner.go:311.2,311.13 1 1
github.com/drayanaindra/saki-cli/backend/infra/spawner.go:318.67,319.16 1 1
github.com/drayanaindra/saki-cli/backend/infra/spawner.go:320.29,321.34 1 1
github.com/drayanaindra/saki-cli/backend/infra/spawner.go:322.26,325.45 1 1
github.com/drayanaindra/saki-cli/backend/infra/spawner.go:326.10,327.36 1 1
github.com/drayanaindra/saki-cli/backend/infra/spawner.go:335.80,336.64 1 1
github.com/drayanaindra/saki-cli/backend/infra/spawner.go:336.64,338.3 1 1
github.com/drayanaindra/saki-cli/backend/infra/spawner.go:339.2,339.46 1 1
github.com/drayanaindra/saki-cli/backend/infra/spawner.go:345.60,347.24 2 1
github.com/drayanaindra/saki-cli/backend/infra/spawner.go:347.24,349.47 2 1
github.com/drayanaindra/saki-cli/backend/infra/spawner.go:349.47,350.12 1 1
github.com/drayanaindra/saki-cli/backend/infra/spawner.go:352.3,352.23 1 1
github.com/drayanaindra/saki-cli/backend/infra/spawner.go:354.2,354.12 1 1
github.com/drayanaindra/saki-cli/backend/infra/spawner.go:359.51,362.24 3 1
github.com/drayanaindra/saki-cli/backend/infra/spawner.go:362.24,363.36 1 1
github.com/drayanaindra/saki-cli/backend/infra/spawner.go:363.36,365.4 1 1
github.com/drayanaindra/saki-cli/backend/infra/spawner.go:367.2,367.12 1 1
github.com/drayanaindra/saki-cli/backend/infra/spawner.go:371.36,373.16 2 1
github.com/drayanaindra/saki-cli/backend/infra/spawner.go:373.16,375.3 1 0
github.com/drayanaindra/saki-cli/backend/infra/spawner.go:376.2,377.16 2 1
github.com/drayanaindra/saki-cli/backend/infra/spawner.go:377.16,379.3 1 0
github.com/drayanaindra/saki-cli/backend/infra/spawner.go:380.2,380.10 1 1
